,bandgap (eV),TrainTest Status,Prediction
3577,5.2169,Training Set,5.084213242388167
3033,0.0,Training Set,0.3151052175962926
3404,0.028200000000000003,Training Set,0.23980659621489622
5293,2.8337999999999997,Training Set,2.763597568123543
3707,1.6099999999999994,Training Set,1.6392933916860923
4870,2.5211,Training Set,2.552810536532911
5075,0.0,Training Set,0.2884058874569875
5016,3.6664999999999996,Training Set,3.520052385112111
5647,3.1950000000000003,Training Set,3.2174509983988235
4329,2.0761999999999996,Training Set,1.9168856473914975
3574,2.6454999999999997,Training Set,2.6903629991841496
3908,1.9944999999999995,Training Set,1.800887678033078
4303,0.0,Training Set,0.006339447008547003
4983,0.0,Training Set,1.8643395218864485
4042,1.3499,Training Set,1.3308892439282942
3447,1.7378000000000005,Training Set,1.7318564742701748
3615,0.031200000000000117,Training Set,0.0778523913947164
4735,0.0,Training Set,0.0015077446608946616
4750,0.9359000000000002,Training Set,0.5966188426184924
4141,3.1908000000000003,Training Set,3.561068320604394
4420,0.0,Training Set,0.017494543620268622
4136,0.0,Training Set,0.03559691634199134
3925,4.4815000000000005,Training Set,4.459870309163058
4443,2.7076,Training Set,2.784749880352978
4617,2.8617999999999997,Training Set,2.857095912798312
3836,0.022599999999999953,Training Set,0.1247973370657121
5832,3.5735,Training Set,3.463420253776779
4712,1.1005000000000003,Training Set,1.0866950536075037
4913,1.9407,Training Set,1.9143314747446996
4046,0.0,Training Set,0.23715282274114766
4558,0.0,Training Set,0.011062127503052507
4191,1.8215000000000001,Training Set,1.9949051757215002
4636,3.0542000000000002,Training Set,2.9115493169469415
5195,0.23690000000000033,Training Set,0.2624068717199468
4525,1.1627999999999998,Training Set,1.3343636078310581
3086,1.5894,Training Set,1.5113654999167487
5751,5.0419,Training Set,4.846912027170051
5102,3.7601,Training Set,3.6003536346930853
5500,0.1070000000000002,Training Set,0.16135145386557895
3022,0.0,Training Set,0.003581122474747472
3170,0.1528999999999998,Training Set,0.11745704379786888
4533,1.5442,Training Set,1.4916293879231883
5493,0.0,Training Set,0.1802209876456877
5095,0.9836999999999998,Training Set,1.0447939205655459
5258,0.37329999999999997,Training Set,0.4911350216228216
3559,4.2664,Training Set,4.653673905691531
3426,3.8145000000000007,Training Set,3.8351957888111894
4705,2.0149,Training Set,1.9251422553862805
5717,0.8259000000000003,Training Set,2.0959667408313916
5108,2.0333,Training Set,2.0140323334276835
5105,1.1474000000000002,Training Set,1.37307134521867
4721,2.3673,Training Set,2.797471644094794
4062,0.5457999999999998,Training Set,0.7114019664002663
3907,1.8319999999999999,Training Set,1.5928566710178709
3583,1.5272000000000001,Training Set,1.5405704335803085
5228,0.8589,Training Set,0.8809137013819516
3315,3.2590000000000003,Training Set,3.587761694147519
3746,0.0,Training Set,0.08298990572760571
3201,0.0,Training Set,0.11293198886946385
5331,1.8143000000000002,Training Set,1.8717079570845823
3126,0.0,Training Set,0.06440653521478523
5676,0.46419999999999995,Training Set,0.3932323887917638
3598,0.9411999999999998,Training Set,0.9465549671411917
5120,0.8623000000000001,Training Set,1.2207858684620936
4244,0.6532,Training Set,0.24161017589632586
4710,0.0,Training Set,0.03948763361083362
3178,0.0,Training Set,0.016943410805860787
5371,4.3315,Training Set,4.119212579517706
4218,2.7504,Training Set,2.5032968858141857
5277,0.4523999999999999,Training Set,0.7002705768398271
3755,1.7483999999999997,Training Set,1.8018448205766444
3400,0.6249000000000002,Training Set,0.426925685989011
5825,2.0441000000000003,Training Set,1.9731609643023649
3969,2.773,Training Set,2.5618844254356743
3495,1.2376,Training Set,1.0390759132201135
3278,1.2458,Training Set,1.198111195679321
4278,0.7349000000000001,Training Set,0.39707627092074593
3966,1.7502,Training Set,1.390871913472638
4647,3.9134,Training Set,3.7151460354978347
4958,3.2204,Training Set,3.3192175883838377
4890,2.5953,Training Set,2.548968361566212
3933,3.7336,Training Set,3.6813195215395713
3444,2.1318,Training Set,2.1129940040570543
4837,2.5071,Training Set,2.655358447799423
4994,3.6887000000000003,Training Set,3.8419490937090695
4339,0.0,Training Set,0.06119520841103341
4325,0.22999999999999998,Training Set,2.285765916264292
5893,4.0264,Training Set,3.992069917377067
5161,4.3479,Training Set,4.464415657017983
3743,0.0,Training Set,0.003751109090909091
4950,1.4662000000000006,Training Set,1.316807554917305
4189,1.0183999999999997,Training Set,1.0258123556443557
4450,0.5732999999999999,Training Set,0.6080686234265733
4947,0.8538999999999999,Training Set,0.8518095024475518
4749,2.3728000000000007,Training Set,2.3231544888472637
5135,1.4708999999999994,Training Set,0.9263534998196249
3721,1.8037,Training Set,1.7153591618048625
4840,3.2461999999999995,Training Set,3.3188068592296585
4848,0.7781000000000002,Training Set,0.68067999475802
5490,2.2883,Training Set,2.2515754628371627
5388,1.7199,Training Set,1.7506549703074692
3448,1.5379999999999998,Training Set,1.534552223865023
4846,0.0,Training Set,0.03575628880008881
5732,0.5205000000000001,Training Set,0.4786298612970362
4953,2.6639,Training Set,2.698995573726273
3082,0.39369999999999994,Training Set,0.37354485954878447
4256,2.7261999999999995,Training Set,2.7440493750332995
4685,0.706,Training Set,0.7061146945138195
4747,3.4087,Training Set,3.2275803278915527
5625,0.8441999999999998,Training Set,0.8955531917943166
5067,2.6086,Training Set,2.747075822591296
3965,4.2462,Training Set,3.8817147063603072
4444,0.9563000000000001,Training Set,0.8400730637057389
3422,0.9169,Training Set,0.9596032155955162
3134,0.0,Training Set,0.0
5724,0.0,Training Set,0.04058616268731269
5875,0.4952999999999994,Training Set,0.4281260813991563
4937,0.0,Training Set,0.06754415804195807
4070,0.7039999999999997,Training Set,0.5920995872849374
4121,1.2528,Training Set,1.1303943457986458
3358,0.0,Training Set,0.0006336925407925398
3180,1.2347000000000001,Training Set,1.3224305435592185
5476,0.0,Training Set,0.007431581313131311
3830,0.6069,Training Set,0.592778596164946
3277,1.5795,Training Set,1.5651943307664564
4178,2.5968999999999998,Training Set,2.5794942214424466
4700,0.07430000000000003,Training Set,0.09605234567377063
5159,2.8327,Training Set,2.7710305634199135
4672,0.6372,Training Set,0.6700566072510823
5042,3.2634,Training Set,3.093377865975691
5909,1.7064,Training Set,1.5940161914946165
3034,1.7007,Training Set,1.8814201342879344
3339,0.0,Training Set,0.01962397513875014
4575,2.9574,Training Set,2.7976000628177387
5517,1.991,Training Set,1.89261540500888
5696,0.0,Training Set,0.059762610828060836
4993,0.7869999999999999,Training Set,0.7772832069569323
4049,4.9499,Training Set,5.053468762212786
3296,6.0073,Training Set,5.8100895750999
3504,0.0,Training Set,0.008088870437895442
5474,0.0,Training Set,0.00863255294982795
4069,2.4835000000000003,Training Set,2.466504900937951
3708,3.9143999999999997,Training Set,3.728121221342548
3778,4.4671,Training Set,4.345110762609612
3067,0.0,Training Set,0.19544972796647797
3245,0.0,Training Set,0.011647897077922076
3972,0.9501000000000001,Training Set,0.8762430064047058
5077,1.1539000000000001,Training Set,1.1349002887612385
3503,0.7069999999999999,Training Set,0.6088261930375178
4802,0.0,Training Set,0.008804763092463083
4651,3.5204000000000004,Training Set,3.5843432100094366
3793,0.0,Training Set,0.01095833745976246
3873,3.645,Training Set,3.651230471184371
4895,0.21589999999999998,Training Set,0.41002525870795886
5431,0.0,Training Set,0.04877069379786881
5297,1.4946,Training Set,1.4637771027361521
3520,0.8754999999999997,Training Set,0.9660325231795984
4859,0.0,Training Set,0.005447858236208228
5591,4.2978000000000005,Training Set,4.204665331940282
5160,4.105,Training Set,4.0481719098928854
5202,0.03249999999999975,Training Set,0.11555135376845371
3573,0.2447999999999999,Training Set,0.3228454877289376
4237,0.0,Training Set,0.025374738278388258
3838,1.5931,Training Set,1.533361191194916
5749,1.1895000000000002,Training Set,1.060228862895438
4112,0.5923999999999998,Training Set,0.3742165984543233
3399,0.0,Training Set,0.00955644536297036
5658,1.2459000000000002,Training Set,1.2358384729936729
5582,0.0,Training Set,0.12475616715506714
5068,2.732,Training Set,2.7321627406732154
4409,2.5853,Training Set,2.512448141802643
4907,3.6174,Training Set,3.6553751351426356
5719,2.3436,Training Set,2.3142088199994437
3741,4.134,Training Set,4.037051040437342
3665,1.9443000000000006,Training Set,2.0101748447108445
5189,0.6053000000000002,Training Set,0.5341242436924185
3079,3.0685,Training Set,2.84547488549506
4684,0.0,Training Set,0.008324868498168497
4673,1.3655,Training Set,1.370310163572539
3508,5.2256,Training Set,5.042619007758908
4472,1.9624000000000001,Training Set,1.78436805052725
3173,0.0,Training Set,0.00020444444444444362
3772,0.6627000000000001,Training Set,0.8138025442446443
3941,1.3332,Training Set,1.4096670288073039
3998,5.3366,Training Set,5.312294454226328
4086,1.4533,Training Set,1.2319298667277168
4023,0.0,Training Set,1.336015832683983
3485,1.1298000000000001,Training Set,1.3390347902319906
3689,0.15229999999999988,Training Set,0.31652754529637017
4565,1.9037,Training Set,1.869482354190255
4165,0.0,Training Set,0.04573044782717282
3463,1.9513999999999998,Training Set,1.8981063711260961
5755,1.7444000000000002,Training Set,1.8032430451187706
4114,2.9249,Training Set,2.965011822671774
3199,2.2504,Training Set,1.9438990429764673
3686,1.2066000000000003,Training Set,1.1884249843351093
4416,0.8491,Training Set,0.8211103696414697
4562,2.1386000000000003,Training Set,2.2312135710039964
3600,0.1261000000000001,Training Set,0.2357385244533245
3272,0.0,Training Set,0.0024858864468864476
5130,3.7412,Training Set,3.542202247513599
3567,3.2906000000000004,Training Set,3.3401774449383934
4052,2.3015,Training Set,2.2510533530608283
3337,0.0,Training Set,0.00025749999999999997
3662,2.3045,Training Set,2.4024680119741375
3222,0.0,Training Set,0.0
4931,0.7595999999999998,Training Set,0.8059613497835498
4792,3.4067000000000003,Training Set,3.3119328932928185
4038,0.0,Training Set,0.14812706008158508
3618,3.0232,Training Set,2.007123792424242
4741,0.0,Training Set,0.0034390481879231854
3319,0.9309000000000001,Training Set,0.7752162462204463
4531,0.8411,Training Set,0.8348780847430349
4586,1.5560999999999998,Training Set,1.5390760085303583
5773,3.998,Training Set,3.8621464591103343
3637,3.9292000000000002,Training Set,3.888659077794427
3000,0.0,Training Set,0.00019929999999999959
3231,1.6771999999999996,Training Set,1.708717629020979
4392,4.5598,Training Set,4.606703900702076
3459,2.9356999999999998,Training Set,2.9460202525502255
3487,0.0,Training Set,0.00776758695193694
3897,3.8925,Training Set,3.8019070879537122
3474,3.9477,Training Set,3.9357208878316126
3858,0.3167,Training Set,0.40068951325341295
4762,2.9023999999999996,Training Set,3.1356208222666213
5355,1.8012000000000001,Training Set,1.5873607338633584
3779,3.9209,Training Set,3.768950829953379
4547,3.463,Training Set,3.0630172735042738
3537,2.4264,Training Set,2.4799249043623037
3521,0.0,Training Set,0.0043235212121212115
5437,3.0145,Training Set,2.9441559459512705
4845,0.0,Training Set,0.003139985858585857
3788,0.7426000000000001,Training Set,0.8924945262154512
3211,0.012199999999999989,Training Set,0.04594807050172049
3763,0.0,Training Set,0.04471888301420801
5299,3.3883,Training Set,3.1236165641525138
5510,3.3291999999999997,Training Set,3.4048888993229
4560,4.2768,Training Set,4.154767196589521
3975,1.9854,Training Set,2.09492964569042
4984,0.0,Training Set,0.003198529137529137
4289,0.4016000000000002,Training Set,0.3711105495393495
3251,0.0,Training Set,7.750000000000256e-06
5409,0.5116999999999998,Training Set,0.39045266491008995
3822,1.6514,Training Set,1.4986466084720838
3675,1.8584999999999998,Training Set,1.879104791466867
4096,0.03949999999999998,Training Set,0.5459231240037737
5417,2.3876999999999997,Training Set,2.4773350227994224
4039,0.6776,Training Set,0.8021358293484293
3789,4.554,Training Set,4.458838926973027
3842,2.4755000000000003,Training Set,2.55629932632645
5072,0.9227,Training Set,0.8699477541181038
4751,0.0,Training Set,0.1226300745726496
5535,1.5337000000000003,Training Set,1.4804005499222999
5543,0.4231,Training Set,0.4357505504190254
3148,0.04490000000000016,Training Set,0.17683211297868806
4233,3.4976000000000003,Training Set,3.4538726443833965
3690,2.4231000000000003,Training Set,2.4317781076062825
3950,0.0,Training Set,0.03549879891774892
3875,2.4013,Training Set,2.5520302482184474
3249,0.0,Training Set,0.02855475485347986
3912,4.1262,Training Set,4.083060667379843
4814,2.2241,Training Set,2.2618129848873347
5735,0.0,Training Set,0.08208287554945054
3678,0.5503999999999998,Training Set,0.47764490830280826
3628,1.7883999999999998,Training Set,1.7467240845654337
3928,1.1225999999999998,Training Set,1.1512755846015095
4408,0.7400000000000002,Training Set,0.5554738190059939
5400,3.4210000000000003,Training Set,3.3619761395965146
4007,2.5377,Training Set,2.4360825672161175
4743,0.0,Training Set,0.0785562310994561
3683,2.5369,Training Set,2.6312762807858805
3502,0.0,Training Set,0.007496898154623144
3819,0.0,Training Set,0.002290743872793874
5413,0.7898000000000001,Training Set,1.2806057980658232
5279,2.5761000000000003,Training Set,2.682044249791874
4369,2.6736,Training Set,2.8227665968725706
4246,3.5429,Training Set,3.6504247039321798
4229,0.6249999999999996,Training Set,0.5842438924436671
3575,2.1967999999999996,Training Set,2.0041672515484517
3196,0.0,Training Set,0.002679585878010877
3284,0.0,Training Set,2.987500000000032e-05
3465,1.3769000000000002,Training Set,1.4173727248723496
5768,1.7018,Training Set,1.7289515661172168
5370,3.7203,Training Set,3.827381843978245
3481,0.8867999999999998,Training Set,0.3887936011904761
4452,1.2461000000000002,Training Set,1.0708188033411037
4214,0.7783000000000002,Training Set,0.8043989995143747
4940,4.1711,Training Set,4.240973996786543
5898,3.2822,Training Set,3.2761894619269607
5359,1.0563,Training Set,1.078869261968587
3390,0.0,Training Set,0.02213674662004662
3138,0.0,Training Set,0.07836383998501498
5907,0.7605000000000004,Training Set,0.7706348664973917
4686,0.5896000000000001,Training Set,1.2180944222111227
4305,7.7803,Training Set,6.730709510195359
3982,9.999999999976694e-05,Training Set,0.31115128938283926
5631,1.3024000000000004,Training Set,2.939619773573648
4511,3.1308,Training Set,3.079222535775337
4050,5.3821,Training Set,5.209400056834832
4808,0.8830000000000001,Training Set,0.8811483838300586
5136,1.8671,Training Set,1.7657687751665
3472,0.7224000000000004,Training Set,0.6903140791430791
3462,0.9331,Training Set,0.9112225540542792
5529,0.0,Training Set,0.03347263247863247
5715,3.8636,Training Set,4.074145067951492
3854,3.3735,Training Set,3.346768463167389
4487,2.7866999999999997,Training Set,2.779780169885669
3434,0.0,Training Set,0.00016492424242424246
3531,0.4588000000000001,Training Set,0.45210105060495054
3569,0.21469999999999967,Training Set,0.17046016334776332
5601,0.8203,Training Set,0.8838587558691312
3088,1.4594999999999998,Training Set,1.5040763217199464
3655,2.1897,Training Set,1.9824826709512713
3809,4.851,Training Set,4.521088245979021
5892,1.9671999999999998,Training Set,2.0059270827089586
5281,1.8056,Training Set,1.9682158281024533
5141,1.8263,Training Set,1.7185140238233987
4791,3.6071,Training Set,3.7956818144355657
4765,2.7401999999999997,Training Set,2.7446158679681423
3860,0.18609999999999993,Training Set,0.07839743728493725
3765,2.134,Training Set,2.0593853555472297
4742,2.1443,Training Set,1.9055337192141186
4331,3.0558999999999994,Training Set,1.3718040035908536
3539,2.1727,Training Set,2.1980876974747474
3696,0.0242,Training Set,0.014376301101676101
4181,1.3626,Training Set,1.414462495621046
5206,2.109,Training Set,2.178729029559329
5491,0.9824000000000006,Training Set,1.1462648709568208
5467,0.0,Training Set,0.6371477691752695
4372,0.0,Training Set,0.01142447693417693
5497,0.0,Training Set,0.4836064184204683
4944,2.9791999999999996,Training Set,2.9559722895715392
5633,4.6192,Training Set,3.903713869830169
4156,3.0970000000000004,Training Set,3.103431395984572
4869,2.7775,Training Set,3.1706750153929395
3643,1.5596,Training Set,1.6447659955017206
3735,4.6441,Training Set,4.481230240120991
4961,2.0219,Training Set,1.9081237033494276
3952,2.4001,Training Set,2.518828673931623
3532,2.1091,Training Set,1.9980163750527253
3155,0.0,Training Set,0.021015359829059835
3515,0.0,Training Set,0.013147003782328779
5107,2.1696999999999997,Training Set,3.236290872571873
3130,0.0,Training Set,4.918181818181781e-05
3202,0.0,Training Set,0.00025749999999999997
4535,1.0171999999999999,Training Set,1.2271454713758458
3006,1.2153,Training Set,1.075345794039295
5286,3.2137000000000002,Training Set,3.2318658780719267
3273,0.03100000000000014,Training Set,0.19155159283216772
5787,2.0827999999999998,Training Set,1.8604745147935386
5602,1.7403000000000004,Training Set,1.6840926562437553
3424,0.0,Training Set,0.002448625996226003
4272,2.4073,Training Set,2.3802906585664334
5826,0.04010000000000025,Training Set,0.1449150133560884
5367,0.0,Training Set,0.03101626332833833
5269,0.0,Training Set,0.010010773129648128
4354,2.7611,Training Set,2.698757128108002
3784,2.6793,Training Set,2.707501723937173
3538,0.0018000000000002458,Training Set,0.045557883866133915
3579,1.5743999999999998,Training Set,1.5200250639915642
3218,0.0,Training Set,0.0008549940476190479
3617,2.5333999999999994,Training Set,2.5122499508103004
3475,0.0,Training Set,0.008761529304029306
5391,2.5913,Training Set,2.616024198717948
4841,4.6409,Training Set,4.3701105076423605
3224,0.0,Training Set,0.026476029437229435
5396,0.0031000000000001027,Training Set,0.030753351615051612
4694,2.3251,Training Set,2.6529388795537785
4889,0.0,Training Set,0.034024136871461864
3219,0.0,Training Set,0.027534157756132743
5472,0.0,Training Set,0.22584188138528144
3362,0.0,Training Set,0.12409198389943384
3973,2.4063,Training Set,2.3625869128621373
3659,0.011499999999999844,Training Set,0.024553435619935594
3527,1.3413999999999997,Training Set,1.4613481084360083
3488,3.9732000000000003,Training Set,3.737897500174827
4400,2.9352,Training Set,2.6564742686979685
4388,0.0,Training Set,0.07717390143467641
4001,2.5717999999999996,Training Set,2.557125982165057
5635,2.5101999999999993,Training Set,2.5389394602369855
4527,2.8196999999999997,Training Set,2.7210816287351536
5763,3.1476000000000006,Training Set,3.6309226231268736
3800,1.9052999999999998,Training Set,1.9837503887612389
4177,2.9144,Training Set,2.837680996084471
2989,0.0,Training Set,0.0029253499999999993
4152,0.0,Training Set,0.011489635120435118
3751,2.7058,Training Set,2.5459637806665567
3519,1.8934,Training Set,1.7767602543956036
2992,0.0,Training Set,0.0970716521090021
5521,0.0,Training Set,0.009023372222222222
5838,1.4957000000000003,Training Set,1.5642053806526814
3046,0.0,Training Set,0.01726584915084915
3398,1.4237999999999997,Training Set,1.4711013793983794
3215,2.1983,Training Set,2.050019495079921
3866,4.1895999999999995,Training Set,3.483315657042957
4861,0.0,Training Set,0.004844106035631035
4013,1.0835,Training Set,1.0125518365856372
4879,4.412,Training Set,4.264734233713506
5571,2.0855,Training Set,1.948783538691864
4738,4.3099,Training Set,4.09756539274337
5730,0.0,Training Set,0.012992655455655469
5734,1.4830999999999999,Training Set,1.4610742848790104
3608,1.1962,Training Set,1.1260432794538797
3510,2.5628,Training Set,2.2644690308996562
3712,0.0,Training Set,0.004958497150072146
3516,0.10970000000000013,Training Set,0.2386584695831946
4247,0.0017000000000000348,Training Set,0.21593979545177044
4235,0.27549999999999986,Training Set,0.276580143084693
3681,0.14219999999999988,Training Set,0.10476351137196133
4652,3.6967,Training Set,3.519883500804751
5806,3.9257999999999997,Training Set,3.6287461504384533
5247,0.0,Training Set,0.04370643780941281
5512,0.0,Training Set,0.013893899353424348
3366,0.0,Training Set,0.007164797727272726
4075,2.9522000000000004,Training Set,2.9473261353341083
4253,0.0,Training Set,0.02396750649628149
4596,0.11529999999999996,Training Set,0.20607505124320125
4040,3.7554000000000003,Training Set,4.053391889957266
3096,1.2721,Training Set,1.291884086979687
4733,0.4222000000000001,Training Set,0.4869957676712175
4616,3.6288,Training Set,3.4849008843184595
3341,1.4088999999999996,Training Set,1.6136960191336442
4701,2.1852,Training Set,2.0799541142218896
4948,0.0,Training Set,0.015634290248640246
3861,4.1929,Training Set,4.137585424786325
4080,2.2285999999999997,Training Set,2.413912276992451
3985,2.9741,Training Set,2.6860362903846156
3133,0.0,Training Set,0.06930811323121323
5530,0.0,Training Set,0.14749538289488287
4690,1.7199,Training Set,1.8389016738705737
5282,3.8053,Training Set,3.589074133280608
3983,0.0,Training Set,0.07142711637806637
5532,0.0,Training Set,0.31836839084249074
4723,0.8354000000000004,Training Set,0.8322269071511821
5654,0.058399999999999785,Training Set,0.034291503216228154
4639,4.4814,Training Set,4.348151489077587
3446,1.2773999999999999,Training Set,1.2848602084110337
5584,3.7282999999999995,Training Set,3.658933961954712
3588,0.0,Training Set,0.004213617532467533
2988,1.0572,Training Set,1.0836134569319569
2993,0.0,Training Set,0.0014343153846153828
3506,1.599,Training Set,1.3583551130674882
3987,0.06479999999999997,Training Set,0.1155857912642912
4902,1.7854999999999999,Training Set,1.658808763838939
5846,0.0,Training Set,0.02501723946053946
3346,2.4807,Training Set,2.2094364462898217
4032,5.3222000000000005,Training Set,5.15197250901876
3028,0.0,Training Set,7.166666666666617e-05
4930,0.07380000000000009,Training Set,0.20114527635697638
4370,0.8121,Training Set,0.8632965844128095
4048,5.7003,Training Set,5.3910427761793756
4161,0.5473999999999997,Training Set,0.6079531472388724
5577,2.7005999999999997,Training Set,2.6502999660672657
4330,2.3711,Training Set,2.4353621285353544
3418,0.0,Training Set,0.004477436383061384
3024,0.0,Training Set,0.00336565256132756
3545,5.8584,Training Set,5.742307198815072
3957,2.3691,Training Set,2.3310357165195903
3064,0.0,Training Set,0.037868614904539896
3168,0.01440000000000019,Training Set,0.0171049057525808
3572,1.2272999999999998,Training Set,1.38295254504662
3081,0.9398000000000002,Training Set,1.2420997889443885
4251,0.0,Training Set,0.013314294372294372
3343,0.0,Training Set,0.0003882000000000002
3191,0.0,Training Set,0.00045004285714285685
4377,4.0626,Training Set,4.23817738212343
4348,2.5194,Training Set,2.480746658852259
3109,0.0,Training Set,0.18283725863580866
4724,0.7427999999999999,Training Set,0.6360737407592407
5357,0.03189999999999982,Training Set,0.08442612743922742
3062,1.3248000000000002,Training Set,1.4209196106338098
5336,0.4309000000000003,Training Set,0.472896201110001
3833,2.0964,Training Set,2.0720515992340993
5048,3.3461000000000003,Training Set,3.1898408292235536
5052,0.0,Training Set,0.036398850321900315
4236,1.1897999999999995,Training Set,1.192789615151515
3857,2.9703,Training Set,2.9118852401986897
4016,1.2614999999999998,Training Set,1.5960757636446883
3748,5.4039,Training Set,5.172671836790988
4264,0.0,Training Set,0.44435277805527806
5423,0.0,Training Set,0.1304031603285603
4210,3.1559000000000004,Training Set,3.0087441065101563
3089,0.0,Training Set,0.01100764822677323
3142,0.0,Training Set,0.10430823875013877
5291,4.6766,Training Set,4.707000254287378
3310,0.0,Training Set,0.2517408748334997
3456,1.1188,Training Set,1.0497114332084583
3584,3.6708,Training Set,3.7786133131562885
3827,1.0144999999999997,Training Set,0.9836370956376957
4259,0.0,Training Set,0.003652343453768456
5399,1.045,Training Set,0.9232563707126203
3288,0.0,Training Set,0.002666017857142857
3177,1.1624999999999996,Training Set,1.3479111284326786
5495,3.8512,Training Set,3.5226722653651894
4457,5.6211,Training Set,5.421759237828837
3326,1.1143,Training Set,1.0082257863053616
4850,2.0797999999999996,Training Set,2.0464369300782543
3073,0.0,Training Set,0.006874951282051282
3886,1.9356,Training Set,2.072937075163726
4630,2.2875,Training Set,2.0340255062576316
4413,0.6556000000000002,Training Set,0.5916224194277945
4892,0.0,Training Set,0.010567554811854807
4401,0.0,Training Set,0.024205696869796872
3289,0.0,Training Set,0.01479690036907537
3217,3.4891,Training Set,3.217568366783217
4695,2.4819999999999998,Training Set,2.479428928504828
3120,0.0,Training Set,4.2999999999999703e-05
5237,1.4728999999999997,Training Set,1.2611915167665666
3167,0.0,Training Set,0.10839958460428463
3871,0.2856000000000001,Training Set,0.3678619344738593
4441,4.1899999999999995,Training Set,4.287569618034741
3768,4.322,Training Set,4.22971535466478
3266,1.678,Training Set,1.331091601060051
3405,2.3601,Training Set,2.4545499461566216
3501,1.9341,Training Set,2.0634027884892894
3720,0.02619999999999978,Training Set,0.014021603518703452
4149,0.0,Training Set,0.71429796515429
3543,2.1367000000000003,Training Set,2.088763440140415
3150,0.0,Training Set,0.00016097222222222286
5174,1.4049000000000005,Training Set,1.3581895987373742
5780,0.9264000000000001,Training Set,0.8946992875097131
3159,0.9429000000000001,Training Set,0.6356938920551672
3698,4.5992,Training Set,4.644766729453878
4744,1.6149,Training Set,1.6449769708180708
5516,0.0,Training Set,0.0013503333333333355
4391,2.4768,Training Set,2.431076122940947
5554,1.662,Training Set,1.5385132935841943
3492,0.0,Training Set,0.006135810173160175
5335,4.2635,Training Set,4.250913938025861
5262,0.2010999999999994,Training Set,0.24285264305971804
3626,3.3946999999999994,Training Set,3.2334690828338326
3389,0.6611000000000002,Training Set,0.693101928732379
5294,0.0,Training Set,0.11329099743312247
4836,2.2661,Training Set,2.221414643856144
3498,3.9402,Training Set,3.7086117556887546
3186,0.0,Training Set,9.018181818182117e-06
5236,0.18080000000000007,Training Set,0.18157594764402277
4171,4.3643,Training Set,4.31789312044067
3406,0.0,Training Set,0.0007878993506493505
4952,0.04310000000000036,Training Set,0.15357470061050058
4923,2.503,Training Set,2.8779014522893767
3108,0.0,Training Set,0.011219632253857257
3144,2.9846,Training Set,2.919826099822398
4447,2.5719,Training Set,2.6632909298756795
3036,0.0,Training Set,0.7257664289072037
4963,4.657,Training Set,4.8368304522089005
3722,0.0,Training Set,0.03640030775890776
3719,0.0,Training Set,0.004429734848484846
4956,3.7966999999999995,Training Set,3.6566290634282383
5085,0.0,Training Set,0.03634970019425018
4434,1.0928000000000004,Training Set,1.1274182241258743
4730,1.9038999999999997,Training Set,1.8924431200910201
3116,0.0,Training Set,0.07318871897269402
3131,6.0864,Training Set,5.886636184279609
5503,0.8586999999999998,Training Set,0.9498934373099123
3128,0.0,Training Set,0.04134087806360306
3734,1.7650000000000001,Training Set,1.7203165314824056
4176,4.0147,Training Set,3.716907078707404
5220,0.24619999999999997,Training Set,0.3179637813381063
5628,0.0,Training Set,0.017408480924630928
3700,0.6755,Training Set,0.6541649430347427
4098,2.5671999999999997,Training Set,2.7537381560606042
5849,0.0,Training Set,0.02705850226162727
5193,3.4767,Training Set,3.426603454356755
3654,0.0,Training Set,0.03922363724053724
5450,1.6093000000000002,Training Set,1.6034662092157839
5797,0.0,Training Set,0.11279811024808523
5034,0.24160000000000004,Training Set,0.7630577956016209
3165,1.2349999999999999,Training Set,1.3822782207348205
4031,3.7504,Training Set,3.754485836369187
4290,0.40680000000000005,Training Set,0.37194921378343876
4717,0.0,Training Set,0.021671413209013207
4492,1.1357000000000002,Training Set,1.115070231415806
3091,0.0,Training Set,0.08839409576534572
3457,2.9427,Training Set,2.9143439291985787
4753,0.7596999999999996,Training Set,0.8773510316405816
3393,0.8523999999999998,Training Set,0.6693893966117217
3361,0.0,Training Set,0.06260046274003775
3229,0.5016000000000003,Training Set,0.5829316632062383
5651,0.5059999999999998,Training Set,0.44572719276001765
3602,1.8733,Training Set,1.8693325375985126
3187,0.0,Training Set,0.009176478823953824
5049,3.3009999999999997,Training Set,3.2466070044067044
3407,0.2927999999999997,Training Set,0.24171411179931176
5766,2.9669999999999996,Training Set,3.005534535420135
2999,1.1445,Training Set,0.9474203353257853
3723,6.0688,Training Set,5.79027893642746
4238,5.243,Training Set,5.113020708838382
3415,1.4254000000000002,Training Set,0.846703659063159
3990,0.0,Training Set,0.004014838383838383
3627,2.0728,Training Set,1.9341577894938389
5456,0.0,Training Set,0.012148496681096674
5207,0.0,Training Set,0.0314547251165501
3922,1.8368000000000002,Training Set,1.8766594190725943
4304,3.1975,Training Set,3.1922082022921523
3738,1.8023999999999998,Training Set,1.681752899087024
4262,2.2721,Training Set,2.192330537878788
5623,3.708,Training Set,3.623081023221224
3227,0.0,Training Set,0.1647861803141303
3798,1.1468,Training Set,1.136781679118104
4960,0.0,Training Set,0.09541697736985234
4293,1.1367000000000003,Training Set,1.3230890465867469
5627,1.7649999999999997,Training Set,1.7146505058802313
4279,3.2024,Training Set,3.1476843147519147
3867,1.9436000000000002,Training Set,1.985922964768565
3283,0.0,Training Set,0.03492444300976805
5770,1.4621,Training Set,1.4358534573787325
4222,2.7605000000000004,Training Set,2.489478158361082
4509,2.5986,Training Set,2.347751421259296
4777,1.7793,Training Set,1.7052414254301258
4390,2.9269,Training Set,3.084453078368855
5266,2.9602999999999997,Training Set,3.0313299839077583
5901,2.8648000000000007,Training Set,3.4986559685786447
2996,0.0,Training Set,0.003145385198135197
4358,0.03600000000000003,Training Set,0.19721518732656235
4157,1.2569,Training Set,1.5043346077949833
5125,0.9231,Training Set,0.8915718432928186
3581,3.8095,Training Set,3.8521278384587627
4706,3.8625000000000003,Training Set,3.870706779573204
3533,0.0,Training Set,0.007791145707070707
4798,1.2302,Training Set,1.1817016465978467
5097,1.1968999999999994,Training Set,1.1605721339882336
5017,3.4609,Training Set,3.355113935589411
3421,0.8106,Training Set,0.43859614476079484
5157,4.2912,Training Set,4.086589908774559
3601,2.8514999999999997,Training Set,2.9310481387112888
4977,0.0,Training Set,0.006095161954711953
4476,0.0030999999999998806,Training Set,0.06667038273393275
3225,0.2281000000000004,Training Set,0.1335498194083695
3835,1.736,Training Set,2.0669553294649803
5439,3.0113,Training Set,3.0541767211815953
4661,5.4756,Training Set,5.527571442912642
5134,2.3712,Training Set,2.430238307337107
5729,3.4876,Training Set,3.3626729970612725
3709,2.1671,Training Set,2.0695757800005543
3853,0.0,Training Set,0.024104573851148853
4891,2.9434000000000005,Training Set,1.1156150724691978
3365,0.8793,Training Set,0.7554455960678212
4734,1.1724999999999999,Training Set,1.3861688667970924
3367,0.20859999999999967,Training Set,0.40030542854922857
5375,2.8777000000000004,Training Set,2.8105785126207126
5429,3.0104,Training Set,3.059749477092351
3342,0.0,Training Set,0.004144051282051282
3119,7.0669,Training Set,6.649740333175156
3232,0.9213999999999998,Training Set,0.9055548802364305
4451,0.10299999999999998,Training Set,0.10858034125041627
4167,1.7371000000000003,Training Set,1.7199985685592185
5109,0.0,Training Set,0.02733844146131646
5642,0.5254999999999996,Training Set,0.6719061899739149
4442,0.8890999999999998,Training Set,0.8764852765179263
3209,0.28470000000000084,Training Set,0.2213120199883452
4987,2.8268999999999997,Training Set,2.771052177297702
3658,2.6469,Training Set,2.7794988477577975
5128,4.1941,Training Set,3.595328047860474
3810,2.1485,Training Set,2.1381694796620048
5165,0.7931,Training Set,0.8419324112165613
3801,0.0,Training Set,0.0035979440448440448
4708,4.9464,Training Set,4.642317674483851
3568,3.9166000000000003,Training Set,3.979524103929407
3623,2.0599,Training Set,2.1918685543567538
2981,2.1592,Training Set,2.0161435179903426
3586,2.1569000000000003,Training Set,2.201804991849818
5702,0.36379999999999946,Training Set,0.405731002261627
3761,3.5771,Training Set,3.5024741356032867
5376,2.0127,Training Set,2.08360580975136
3084,0.08620000000000028,Training Set,0.38675753231213256
4082,2.9313000000000002,Training Set,2.791776391355867
5459,0.6888000000000001,Training Set,0.6254531952686204
4786,1.3326000000000002,Training Set,1.3604560655178153
4641,0.43230000000000013,Training Set,0.4641057834776335
3275,0.0,Training Set,7.166666666666617e-05
3725,0.0,Training Set,0.04859197742257743
3197,1.6313,Training Set,1.6246006251748255
4597,2.7286,Training Set,2.4239497139332893
3846,0.45419999999999927,Training Set,0.46822350889388387
4243,2.5196,Training Set,2.576146131246531
3140,0.0,Training Set,0.007491814568764564
5779,0.0,Training Set,0.10276213272560783
3287,0.5146999999999995,Training Set,0.5400830830808079
4663,1.831,Training Set,1.7305278638500394
4399,0.04730000000000034,Training Set,0.14538028714618717
3666,4.6119,Training Set,4.798011436635585
3410,2.8388999999999998,Training Set,2.8111806667582395
3101,0.0,Training Set,0.09509644910922409
4436,0.013100000000000112,Training Set,0.0263248888944389
3204,3.8631,Training Set,3.6538470402319922
3489,2.1948999999999996,Training Set,2.2007815076395825
4697,0.09560000000000013,Training Set,0.09833174137806644
3529,3.6569,Training Set,3.6373057238677995
5819,0.0,Training Set,0.04974831372238872
4996,0.0,Training Set,0.00785942097069597
3796,3.4169,Training Set,3.2859416843212337
4679,0.0,Training Set,0.23841899991674986
4497,1.3272999999999997,Training Set,1.4003045003718504
3591,1.3938000000000001,Training Set,1.3799006166222667
3790,0.0,Training Set,0.0028518692890442854
5645,2.3522,Training Set,2.3113023315934065
3550,2.6193999999999997,Training Set,2.55665494003774
3677,0.0,Training Set,0.027022871225996226
3265,0.0,Training Set,0.001555932683982684
3029,0.0,Training Set,0.0004627500000000003
3824,2.3383000000000003,Training Set,2.078431297341547
3305,0.0,Training Set,0.004014838383838383
4582,0.0,Training Set,0.05014324125596627
5556,1.4659,Training Set,1.2962681724053726
5555,0.0,Training Set,0.00010122500000000035
3271,0.0,Training Set,4.918181818181781e-05
4810,2.1307,Training Set,2.163092349888999
4118,3.8321,Training Set,3.7847177787101787
3276,1.3516,Training Set,1.2509712024253523
3826,3.1802000000000006,Training Set,3.0992509655927414
5238,0.028699999999999948,Training Set,0.01926689857642358
4790,1.588,Training Set,1.281655681906982
3785,1.8595000000000002,Training Set,1.8734627141441884
3110,0.0,Training Set,0.002183484848484849
5313,3.1383,Training Set,3.221371117218892
3979,1.4588999999999999,Training Set,1.5900142187340438
4323,0.0,Training Set,0.07444241283993785
4127,0.27949999999999986,Training Set,0.34741301006493513
4516,0.0,Training Set,0.023688075632700624
3384,0.0,Training Set,0.015066395843045859
4281,2.0251,Training Set,2.024963628590853
3345,1.2203000000000002,Training Set,0.6265478308746807
3260,0.0,Training Set,0.06083815641858145
3207,0.0,Training Set,0.0
4979,1.9303000000000003,Training Set,1.8891750693944949
4894,4.4536999999999995,Training Set,4.227522322236095
5265,0.0,Training Set,0.013550800532800535
3292,0.0,Training Set,0.00640571408036408
3052,4.2246,Training Set,4.226313541072816
4213,0.0,Training Set,0.0003284204545454548
3172,0.0,Training Set,0.01307792853812848
3043,0.8247000000000004,Training Set,0.8444115497113995
3947,0.5163000000000002,Training Set,0.5197478038378288
4634,1.9842999999999997,Training Set,1.895410611871462
5350,0.5800999999999998,Training Set,0.5888138670551669
5760,2.773,Training Set,2.9090228055056047
3774,0.7475999999999998,Training Set,0.7494518216033965
3752,3.1781999999999995,Training Set,3.1528466395104897
3023,2.1169,Training Set,2.2577209350122103
4664,1.3832,Training Set,1.6176729751359755
5619,0.0,Training Set,0.01657847165612165
3100,1.347,Training Set,1.432451710703186
4624,0.18619999999999948,Training Set,0.10320507200022191
5526,0.0,Training Set,0.04004573455710955
3594,0.6517999999999999,Training Set,0.7406331498085246
3802,3.6406000000000005,Training Set,3.6883260212648463
4541,0.9722,Training Set,0.9376237253746253
5479,1.3449000000000002,Training Set,1.2807337111333112
3619,0.0,Training Set,0.000536072927072927
4285,0.0,Training Set,0.019411766788766785
4250,2.1729000000000003,Training Set,2.143949778815629
5507,2.8152,Training Set,2.977389926959151
3730,0.5054000000000003,Training Set,0.5193075480380732
3432,0.0,Training Set,0.018791604842379853
3113,1.5327000000000002,Training Set,1.3050716865107117
3380,0.36029999999999984,Training Set,0.5006156424519924
3718,0.0,Training Set,0.0008463246753246753
3638,3.944,Training Set,3.9245706067127326
4921,3.9867,Training Set,3.8442901570901324
3279,0.0,Training Set,0.0948413487734488
3015,0.0,Training Set,0.010930310922410924
5896,0.0,Training Set,0.032297709601509565
4801,3.5957999999999997,Training Set,3.518481208916084
3558,0.0,Training Set,0.013261535225885236
4739,2.3217,Training Set,2.254305989072039
4610,1.0372,Training Set,1.0360942983877226
3997,2.9322,Training Set,2.8174493550172053
3090,0.0,Training Set,0.04845272523865024
5333,4.2024,Training Set,4.070860412623488
3445,0.0,Training Set,0.002004115151515146
5229,4.162100000000001,Training Set,4.377284754406702
4590,0.0,Training Set,4.36666666666663e-05
5025,2.3533000000000004,Training Set,2.268940010014984
5683,0.0,Training Set,0.010095590675990682
3453,2.5868,Training Set,2.432376657001332
5123,0.05819999999999992,Training Set,0.42886806910311925
4215,2.2527,Training Set,2.149916232442557
3596,0.0,Training Set,0.015340667390942395
5621,2.8517,Training Set,2.8987422038683532
3040,0.0,Training Set,0.0003726923076923075
4287,1.7748,Training Set,1.7686478647047401
5502,4.4708,Training Set,4.517472626309799
4144,0.7689,Training Set,0.7405746689893438
4851,0.0,Training Set,0.0046880951881451876
5533,0.0,Training Set,0.017649212246087242
3896,5.0409999999999995,Training Set,4.715233289701963
5918,0.0,Training Set,0.0918412861693862
4203,1.3235000000000001,Training Set,1.4245111916167172
4291,4.7732,Training Set,4.540853615911866
3303,0.0,Training Set,0.005861153479853479
4702,4.3187,Training Set,4.260752947885449
3733,0.0,Training Set,0.00970286201298701
4584,0.0,Training Set,0.09925931373626375
3633,4.6395,Training Set,4.5840310996281515
4175,0.6012,Training Set,0.5844562443112441
4340,0.0,Training Set,0.0006901700327450324
5841,3.3697,Training Set,3.4206913964396715
4275,3.135,Training Set,2.911928291289266
3674,0.4303999999999999,Training Set,0.4341753875596626
3607,1.4985,Training Set,1.4894854825729826
3663,0.0,Training Set,0.037713105039405045
3112,0.0,Training Set,0.00018402587412587372
5665,1.6562999999999999,Training Set,1.3851060774891772
5145,0.8130000000000002,Training Set,0.7715631246531249
3797,5.5087,Training Set,5.106249686488511
4482,1.7766,Training Set,2.413133616849817
3313,3.8827999999999996,Training Set,3.6622074840243073
5121,2.5689,Training Set,2.7159846533216774
4041,2.2029000000000005,Training Set,2.2811828633033637
3182,0.0,Training Set,0.01567360481740482
3672,0.0,Training Set,0.001167174442224442
4012,0.0,Training Set,0.07035071307858806
4704,0.7975000000000003,Training Set,1.1069895944083696
4019,0.13870000000000005,Training Set,0.21417962480574979
5747,0.9680999999999997,Training Set,0.40331901050061025
3139,1.6533000000000002,Training Set,1.5865612023615272
4534,1.0430000000000001,Training Set,0.9042139448357196
5091,3.1079,Training Set,3.421287427969253
5746,1.7368000000000001,Training Set,1.787702255036631
4326,3.5637,Training Set,3.6517970223803973
3794,0.0,Training Set,0.05920045704018206
5163,0.8546999999999993,Training Set,0.9005851751304246
5757,5.3467,Training Set,5.106639081865357
5312,4.0804,Training Set,4.036700739479966
5178,1.4110000000000003,Training Set,1.2992327437978688
3001,0.0,Training Set,0.006805166666666663
3639,3.9169,Training Set,3.77618581399989
3461,1.6539000000000001,Training Set,1.7579476733100237
3914,1.2353,Training Set,1.2505154046481297
3054,2.2972,Training Set,2.1703556809801317
4514,3.2029,Training Set,3.181855897699522
3268,0.0,Training Set,0.007244684523809526
3670,5.524,Training Set,5.5530378769730255
3961,1.2074000000000003,Training Set,1.2332013639360637
4500,0.0,Training Set,0.014384251204351207
3436,0.6292,Training Set,0.7219424811743818
5607,0.9406000000000001,Training Set,0.7382023584693084
3685,3.2859999999999996,Training Set,3.257765577525252
4208,0.9359000000000002,Training Set,1.0514163829337329
5271,0.0,Training Set,0.03375290105172604
5364,0.0,Training Set,0.00014609090909090914
3883,6.3578,Training Set,6.352009262298814
5671,3.2703,Training Set,3.0616930548368284
4172,2.572,Training Set,2.2038734792069046
4207,1.6195,Training Set,2.4192738977466965
4680,2.538,Training Set,2.5484947321345306
5485,0.6596000000000002,Training Set,0.6200406323398824
4546,3.6422,Training Set,3.98381600602453
5822,0.0,Training Set,0.0007571666666666665
3252,0.4925999999999999,Training Set,0.6634194202103455
4655,5.5657000000000005,Training Set,5.482743503460427
4849,3.8544,Training Set,3.946746828599178
5883,0.5354999999999999,Training Set,0.5093673889582641
3419,4.3368,Training Set,4.292765118506493
5131,0.02770000000000028,Training Set,0.12075823995726497
3544,0.0,Training Set,0.03336536601731602
5684,4.4393,Training Set,4.751455424281271
3011,0.0,Training Set,0.00045004285714285685
3823,1.3020999999999998,Training Set,1.3104713790487292
3524,1.9599000000000002,Training Set,2.007359814238539
4360,0.15759999999999996,Training Set,0.269023886000111
4026,2.5606000000000004,Training Set,2.6689787095571096
5480,2.7030000000000003,Training Set,2.5059634813714067
5208,0.0,Training Set,0.1722797942446443
5334,0.022099999999999786,Training Set,0.05494251360028853
4677,0.0,Training Set,0.640318533291708
3360,0.4618000000000002,Training Set,0.4560567252053504
3285,0.0,Training Set,4.918181818181781e-05
5246,0.019099999999999895,Training Set,0.05838423686036182
3154,0.0,Training Set,0.009790185256410256
4506,1.5945,Training Set,1.6206229336191595
4336,0.0,Training Set,0.0016248685314685294
3829,0.0,Training Set,0.023979729995004976
4345,1.6510000000000002,Training Set,1.5480154613969368
3021,0.0,Training Set,0.0009303758658008656
3580,1.8598,Training Set,1.7864386315212561
4284,2.9434000000000005,Training Set,2.9075743111194368
5284,5.5913,Training Set,5.50973581174381
5632,0.23380000000000045,Training Set,0.1535893186480188
4033,0.5497999999999998,Training Set,0.5959185182289932
5362,1.4855,Training Set,1.3464084392080145
3554,3.7203,Training Set,3.6375111179875694
3693,2.1689,Training Set,1.9722448703463211
3758,0.0,Training Set,0.029615352392052385
3349,2.1506999999999996,Training Set,1.9785948680569427
4688,2.1510000000000002,Training Set,2.1874623703712954
5215,1.2323999999999997,Training Set,1.1273428309523807
4896,0.0,Training Set,0.016483770618270617
5805,0.3861999999999999,Training Set,0.3847370518481518
3143,0.0,Training Set,0.12248662739760238
4893,0.22080000000000055,Training Set,0.2223344658091909
4220,1.1887000000000003,Training Set,1.1444792953213454
4868,0.0,Training Set,0.015467484848484852
3241,0.3769,Training Set,0.6558904687479189
5435,2.6119,Training Set,2.564041444991119
5916,0.9017999999999997,Training Set,0.9792469390859142
4404,2.8059000000000003,Training Set,2.766515684090909
3967,2.3061999999999996,Training Set,2.353147972147297
4232,0.0,Training Set,0.12989174628427125
5330,5.059900000000001,Training Set,4.964238278821181
3781,1.1236999999999997,Training Set,0.9412254062631814
3926,0.7533,Training Set,0.7819525257381507
4426,3.9825999999999997,Training Set,3.9388969664141418
3817,2.7277,Training Set,2.7945263624292367
4074,2.8535999999999997,Training Set,3.4540724098595854
5511,1.3032000000000004,Training Set,1.3932523211788215
4405,3.958,Training Set,4.045563811668886
3184,0.0,Training Set,0.016199323565323557
4294,1.6869999999999998,Training Set,1.7091173316489074
4495,0.0,Training Set,0.0271581725052725
3188,0.8198,Training Set,0.6964309639249637
4125,1.8226999999999998,Training Set,1.7043891284493278
4076,3.5071000000000003,Training Set,3.456620114302365
3597,2.4777,Training Set,2.2957877086635587
3438,1.8287,Training Set,1.9259681898323902
4123,0.0,Training Set,0.02528158176268177
4731,1.3489000000000004,Training Set,1.2048220314269065
4475,4.0441,Training Set,4.039022550818624
4579,0.0,Training Set,0.02538632883505383
3063,4.0205,Training Set,3.925481098465424
5403,1.0625,Training Set,1.0991159080058834
4856,4.8258,Training Set,4.215585317135645
4602,3.1866999999999996,Training Set,3.244457497696747
4374,0.45020000000000016,Training Set,0.25914077138417146
2990,0.0,Training Set,0.20670053114108122
4881,0.3677999999999999,Training Set,0.4756719037157285
3430,0.0,Training Set,0.03020046585081585
5168,0.0,Training Set,0.00441084642857143
5588,0.0,Training Set,0.09013147707847709
3717,1.1068000000000002,Training Set,1.1236571200105445
4880,0.0,Training Set,3.0718181818181726e-05
4508,0.44789999999999974,Training Set,0.2889033175296924
5514,0.0,Training Set,0.00019120000000000026
3496,4.1537,Training Set,4.104780278396603
5148,0.0,Training Set,0.009813538636363636
3509,0.0,Training Set,0.0005149999999999999
3237,0.9591,Training Set,0.9899637220917975
3959,2.4914,Training Set,2.5010838069097567
3070,0.9367000000000001,Training Set,0.9882645899239654
5144,1.8617000000000001,Training Set,1.6012517136002886
4270,0.7807,Training Set,0.8457525525224774
4498,0.0,Training Set,0.2436054118437118
3754,0.7879,Training Set,0.7635915727272727
4804,0.4575,Training Set,0.45604379043456544
4119,3.0411,Training Set,2.99562152556055
3644,0.5740000000000003,Training Set,0.6147403052031302
3816,3.6449999999999996,Training Set,3.4559726433538684
3518,1.0705,Training Set,1.0444166794927292
3017,0.0,Training Set,0.01475966391941392
4193,4.1666,Training Set,4.049498429981131
3039,1.0613,Training Set,1.09189937015762
4671,1.0440999999999998,Training Set,0.9376994062520816
4489,0.1591999999999998,Training Set,0.37961088336663323
5520,0.0,Training Set,0.02226533293650794
3657,0.7258,Training Set,0.6338652778277276
4703,0.0,Training Set,0.057192839088689086
3864,2.5644,Training Set,2.4859540099483843
4337,0.0,Training Set,0.012895609451659457
5030,2.8144,Training Set,2.7557088442751687
3401,2.2845999999999997,Training Set,2.238041833300033
4395,0.9707,Training Set,0.8625769173631923
3783,2.0285,Training Set,1.7925002867660118
3244,0.0,Training Set,0.0008642785714285691
4783,0.0,Training Set,0.058854780533355466
4549,4.942399999999999,Training Set,4.831440501673325
4061,1.6676000000000002,Training Set,1.777780989541015
4195,5.205,Training Set,5.24951970248085
3948,2.5046,Training Set,2.734624758036409
5733,0.3228,Training Set,0.46524293898878893
3014,0.1998000000000002,Training Set,0.12516906397491406
3200,0.0,Training Set,0.4241353206987457
4713,3.8135000000000003,Training Set,4.021235025485623
4838,3.0142,Training Set,3.0205839119824627
5828,3.4848,Training Set,3.2489650548867797
3302,1.4918999999999998,Training Set,1.349816262104562
4858,3.4005,Training Set,3.3207018497446996
5817,3.8438,Training Set,4.004291968586968
4024,4.102,Training Set,4.104141539482739
3286,0.0,Training Set,0.0007245250000000011
3491,0.8259000000000001,Training Set,0.9138261120157626
3791,2.9524,Training Set,2.9340298415528894
5408,2.319,Training Set,2.2870026419053167
5318,2.9482,Training Set,2.898710318389943
5280,0.9822000000000002,Training Set,0.8147653622460872
3825,1.6135000000000006,Training Set,1.650603784104784
5053,0.0,Training Set,0.015323485450660458
3762,3.0509,Training Set,3.111259216733267
3250,1.1999,Training Set,0.5033455210872462
3012,0.0,Training Set,0.005986144599844598
5063,0.0,Training Set,0.0057825026029526
3895,0.0,Training Set,0.034862040681540724
4129,2.1161,Training Set,2.1563187322205564
5264,0.0,Training Set,0.2197340276751027
4917,2.1824,Training Set,2.12333507530525
5320,0.0,Training Set,0.018543985256410257
4778,3.2891,Training Set,3.28517298387446
5692,2.6433000000000004,Training Set,2.5215029318265074
3460,0.0,Training Set,6.200000000000205e-06
4414,0.0,Training Set,0.0032387432567432557
3363,3.1512,Training Set,3.147025631954157
3025,0.0,Training Set,0.005259663888888889
3704,2.0065999999999997,Training Set,2.336289018628594
5803,2.0481000000000003,Training Set,2.0511495011766008
3368,0.0,Training Set,0.0027956826312576307
3042,0.0,Training Set,0.10711980820568319
4312,0.5035999999999996,Training Set,0.5064204544289044
4974,1.4575999999999998,Training Set,1.458724048745699
3753,0.0,Training Set,0.004937398593073592
5374,2.02,Training Set,2.0584942709373952
5835,0.0,Training Set,0.015206461721611714
4198,4.097700000000001,Training Set,4.015271143242868
5614,1.1385,Training Set,1.1082144993561989
4087,0.0,Training Set,0.04613683151570652
5415,1.7261999999999995,Training Set,1.7180277699245212
5656,2.1854999999999998,Training Set,2.149598510592186
5560,3.0306,Training Set,2.9434971628593622
4422,0.4267999999999996,Training Set,0.5174385921106671
3253,0.0,Training Set,0.0
4771,2.7475,Training Set,2.7368174418081908
4474,1.1641,Training Set,1.1241690261849262
5360,2.0792,Training Set,1.9666858747946494
4604,2.2931,Training Set,2.3508674228937725
4693,4.0306999999999995,Training Set,3.881067945074371
3240,1.1625,Training Set,1.134659193331668
5703,3.5169000000000006,Training Set,3.482452577442001
3813,0.0,Training Set,0.008796826676101674
5209,1.5727,Training Set,1.3995858921189923
5328,0.0,Training Set,0.019256308333333336
3161,0.0,Training Set,0.0023937843406593414
3977,3.1845,Training Set,3.218910359948384
5496,2.17,Training Set,2.206279040412365
5233,0.06469999999999976,Training Set,0.047921308497058446
3077,2.1348000000000003,Training Set,2.22949620059385
3239,0.9895999999999999,Training Set,0.9296770809912309
3652,1.8151000000000002,Training Set,1.7408074915473413
5796,1.6432000000000002,Training Set,1.6702013361888104
3332,0.0,Training Set,0.014418244649794649
5833,5.220599999999999,Training Set,5.331076616863693
5181,0.0,Training Set,0.023979729995004976
2997,0.0,Training Set,0.013012655483405475
4903,1.5629000000000002,Training Set,1.4138180415195916
5700,2.6038,Training Set,2.493675192465868
5019,1.2679,Training Set,1.1887848602480846
3728,0.0,Training Set,0.06778945415417915
3412,4.9775,Training Set,5.184661630791432
4657,0.7240000000000002,Training Set,0.6011798257520258
5471,2.4812,Training Set,2.4051893054834053
4615,0.0,Training Set,0.030258009401709404
5698,2.9438999999999997,Training Set,2.9601205443195693
4055,0.11639999999999961,Training Set,0.2985520632201131
3563,0.0,Training Set,0.19867052871017865
5843,0.09450000000000003,Training Set,0.3678855492562992
3429,4.0217,Training Set,3.939876549694749
3238,0.0,Training Set,0.00017112424242424266
3757,1.4035999999999995,Training Set,1.372176624630925
4089,4.0259,Training Set,3.439523093262293
5882,0.0,Training Set,0.11067039547952047
5695,2.888,Training Set,2.6665996850371845
3906,1.2463,Training Set,1.337490201578977
4715,0.0,Training Set,0.016937636954711958
3782,1.0822000000000003,Training Set,0.951293631110556
5548,0.0,Training Set,0.042445209157509156
5285,3.4236999999999997,Training Set,3.428357997854923
3230,0.0,Training Set,0.010114631371406373
3651,2.0015,Training Set,1.822542444788545
4769,1.2219,Training Set,1.2205235897408149
5682,3.5682000000000005,Training Set,3.442849820607171
4131,0.806,Training Set,0.8234935187284936
3745,2.1011,Training Set,1.831892600047175
3293,2.5044000000000004,Training Set,2.622549685372961
5240,1.5689000000000002,Training Set,1.4904183685841936
4029,2.9321000000000006,Training Set,2.890627769794095
3226,0.0,Training Set,0.020467460889110885
4324,0.0,Training Set,0.1185043666389166
4839,2.2470999999999997,Training Set,2.2776468256687754
3316,0.0,Training Set,0.09795435647130651
4618,0.9976000000000003,Training Set,1.0525073981157733
3455,0.0,Training Set,0.17038793733766233
3479,2.809,Training Set,2.89315307137862
5562,3.3044999999999995,Training Set,3.346637814294039
3645,0.0,Training Set,0.0011914285714285716
3194,0.0,Training Set,0.018598612884337888
5373,3.5221000000000005,Training Set,3.493414446342548
3324,2.3617,Training Set,2.398558555167054
4502,7.188,Training Set,6.744597260195359
3402,0.0,Training Set,0.02014358613053613
5728,3.5454,Training Set,3.6526142076562333
5687,3.0236,Training Set,2.971993576104451
5254,4.435099999999999,Training Set,5.04010678504551
3620,0.9683,Training Set,1.071068367163392
4550,0.0,Training Set,0.010454437046287042
3353,1.5617,Training Set,1.5356247818903328
4091,0.502,Training Set,0.5249454173798419
2987,0.0,Training Set,0.0010322637362637362
3179,0.0,Training Set,0.021815988189588183
4225,0.6553999999999998,Training Set,0.4471961565046065
5741,1.0945,Training Set,1.0620991849622599
4755,2.3013000000000003,Training Set,2.3439310719086466
5482,0.9074999999999998,Training Set,0.8961059675990672
5538,0.0,Training Set,0.005097407917082913
3710,3.456,Training Set,3.409428662168387
5212,0.0,Training Set,0.003907230952380952
4147,2.4938000000000002,Training Set,2.575446942046841
5595,1.4497999999999998,Training Set,1.4461035691586195
3514,0.0,Training Set,0.0149833611000111
4109,3.0277000000000003,Training Set,2.9979496065240308
4239,0.45870000000000033,Training Set,0.49356754688367177
4805,0.8720000000000001,Training Set,0.8732876101454097
4065,0.0,Training Set,0.022317841200466204
4072,0.9394999999999998,Training Set,1.1459159687701188
5492,0.0,Training Set,0.2804156112692862
5813,0.4605999999999999,Training Set,0.3649752473193473
5501,0.0,Training Set,0.0062985265068265074
5626,2.4212,Training Set,2.386557049317349
4412,0.0,Training Set,0.02178052434232433
4100,0.0,Training Set,0.027619706573981575
4901,1.5367,Training Set,1.5601188109418362
3917,4.0137,Training Set,4.003115323487623
4190,0.0,Training Set,7.650378787878817e-05
3963,0.0,Training Set,0.03642449203296703
5146,3.0592999999999995,Training Set,3.1172588981213223
5315,1.1275,Training Set,1.1285227045482298
3834,0.0,Training Set,0.009454389449439448
5018,1.5769,Training Set,1.517976829248529
3870,1.3333999999999997,Training Set,1.158615063597514
5337,0.855,Training Set,0.8396140761571763
4310,1.3863000000000003,Training Set,1.4732932750693755
5629,0.8353000000000002,Training Set,0.8576714765318018
3775,0.7872,Training Set,0.7627029765623267
3146,0.0,Training Set,0.022867799916749917
4918,1.9717999999999996,Training Set,1.7646538657647903
3936,0.7376,Training Set,0.811319290895216
5518,0.0,Training Set,0.027805918598068607
4299,3.1591,Training Set,2.956952257950383
4572,2.5152,Training Set,2.5045059626734365
4645,3.1451,Training Set,2.9094702809079807
4955,0.4844999999999997,Training Set,0.3545720824286823
3330,0.0,Training Set,0.0014772051282051272
3631,3.2434,Training Set,3.4236230449106437
4411,0.0,Training Set,4.392857142857172e-05
4587,0.0,Training Set,0.14110824198856706
3642,0.5232,Training Set,0.5917929579032077
4357,2.1445,Training Set,1.1817462963258962
5777,0.6503000000000001,Training Set,0.6915898026473526
5478,5.165,Training Set,5.102944812212787
4935,3.5573999999999995,Training Set,3.502122458294484
4094,1.6046,Training Set,1.6218426795704297
4037,1.4230999999999998,Training Set,1.0568444474386722
4780,3.4332000000000003,Training Set,3.5089375734737485
4269,0.0,Training Set,0.01188051994949495
4192,2.6234,Training Set,2.5039149545565547
3151,1.5326000000000002,Training Set,1.5976300085442334
4437,0.0,Training Set,0.0013344778693528709
3656,2.3891,Training Set,2.3588428158924404
3799,3.4159,Training Set,3.291561636216562
5062,4.3458,Training Set,4.225219218969919
5012,0.0,Training Set,0.026239615836940833
4716,3.3364999999999996,Training Set,3.053521399059274
4389,1.1883,Training Set,1.2590339050616053
3320,0.0,Training Set,0.000153307692307692
3210,0.7142,Training Set,0.7583450870795874
4990,3.7294,Training Set,3.6487701975940734
3051,3.2969,Training Set,3.307734557001331
4912,0.0,Training Set,0.045976463000888
3369,0.0,Training Set,0.009362356043956044
3612,0.2530999999999999,Training Set,0.25049022748917743
3466,0.8565,Training Set,0.7629486760323005
3673,0.0,Training Set,0.018211450621600626
3630,3.936,Training Set,3.91757023948274
3988,1.2469999999999999,Training Set,1.2209315202103455
5274,2.5984,Training Set,3.697283120640468
5098,2.8831,Training Set,2.648186004584304
4104,3.0539999999999994,Training Set,3.092306515850816
5253,4.8346,Training Set,4.822659413708515
3828,3.2285000000000004,Training Set,3.2439912385059375
3094,0.0,Training Set,0.0136425209013209
3008,0.0,Training Set,0.005794496325896312
5311,0.0,Training Set,0.004738736763236762
5039,0.8927999999999998,Training Set,0.5762351757548008
3787,0.0,Training Set,0.03242528346653345
3613,5.5747,Training Set,5.4851695413447645
3295,0.0,Training Set,0.010163616153291153
4347,3.5225,Training Set,3.575544867676769
3348,0.0,Training Set,0.0008654750000000014
4407,3.9113999999999995,Training Set,3.7614931875763125
5070,2.8222,Training Set,2.8210824434176924
4605,0.8457,Training Set,0.6682702451714952
3548,0.0,Training Set,0.01116335785880786
4252,0.16280000000000028,Training Set,0.061253648276723374
3484,1.7685999999999997,Training Set,1.8551915736457985
4910,0.0,Training Set,0.02654116668331668
5542,0.4253,Training Set,0.31814830166777663
3732,0.0,Training Set,0.0579405855033855
5911,1.0021000000000004,Training Set,1.265883507969808
4464,2.3944,Training Set,2.362919498207348
3440,2.2825,Training Set,2.4574822436008428
4866,4.522399999999999,Training Set,4.43403008902764
3322,0.0,Training Set,0.034248717993117975
3256,1.5468000000000002,Training Set,1.2666495264818516
4277,2.9306,Training Set,2.8141030133727387
3649,1.5462999999999996,Training Set,1.5302748706210452
4231,3.1272,Training Set,2.9825033361166606
5198,3.2566,Training Set,3.36158370477578
3940,2.4132000000000002,Training Set,2.5122753061799306
4920,3.9486999999999997,Training Set,3.859764955208681
4925,4.4534,Training Set,4.53028586017316
5137,0.39590000000000014,Training Set,0.27967619705849706
3327,1.8758,Training Set,1.683139943845044
3038,0.0,Training Set,0.08746402002997003
4382,1.5517000000000003,Training Set,1.5682897256327004
3812,0.009600000000000053,Training Set,0.014784920401820414
5842,0.05800000000000005,Training Set,0.037247811471861486
3141,3.9934,Training Set,3.8217231506715494
4658,2.3038,Training Set,2.4051228351287595
3939,0.0,Training Set,0.004799392440892442
4383,5.4113,Training Set,5.137019220385169
3396,2.2014,Training Set,2.15958156513764
3007,0.17829999999999968,Training Set,0.9774326457070702
3512,2.2963999999999993,Training Set,2.3590846375568875
4011,0.0,Training Set,0.014621768018093017
3624,1.8206999999999998,Training Set,1.7036828023115773
5603,1.3778000000000006,Training Set,1.549600853724054
3267,2.0793,Training Set,1.641043361888112
4512,0.7999,Training Set,0.7001356806221554
3018,0.0,Training Set,0.01962397513875014
4102,1.2177,Training Set,1.1605548322288823
5256,1.4967000000000001,Training Set,1.5157348026723283
4496,1.1237,Training Set,1.0272775039210789
5524,0.0,Training Set,0.012626940404040402
3934,1.1327999999999996,Training Set,1.1141035050865797
5810,1.6673,Training Set,1.6557759107253858
4197,1.1641,Training Set,1.0680229682844937
4773,2.4572,Training Set,2.393620411516262
3301,1.573,Training Set,0.8142134537629033
4813,4.401,Training Set,3.983552636846486
4227,0.4606999999999999,Training Set,0.6809670234820736
3814,2.0866999999999996,Training Set,2.0952419304945056
5086,4.665,Training Set,4.44725561091131
3760,3.9015,Training Set,3.8959254242868244
4553,3.3226000000000004,Training Set,3.346938523662451
4307,0.0,Training Set,0.017265820432345435
3411,0.0,Training Set,0.009695675671550668
3019,3.7001,Training Set,3.206723154173604
5704,2.8542999999999994,Training Set,2.9804560577228307
3736,0.44819999999999993,Training Set,0.4759859113275614
5317,4.574800000000001,Training Set,4.58987939089799
3449,0.5802,Training Set,0.5825781731018981
4770,0.2630999999999999,Training Set,0.3714272517371517
5394,0.6362999999999999,Training Set,0.9573186029331776
3622,0.0,Training Set,0.04724332166999666
4439,0.0,Training Set,0.007412418506493509
3560,1.1230000000000002,Training Set,0.9122171038156288
4365,4.376200000000001,Training Set,4.253804145213117
5697,1.8881000000000001,Training Set,1.7573467470224222
3203,0.027899999999999814,Training Set,0.015566795254745198
4589,1.1585,Training Set,1.266249427070152
5184,1.3979,Training Set,1.4296973793650796
5874,4.4388,Training Set,4.589117435384058
3136,0.1730999999999998,Training Set,0.4046075873737374
3534,0.0,Training Set,0.0986876245310245
5473,0.0,Training Set,0.005114801881451877
3749,2.0327,Training Set,2.081163249103674
3192,1.5737999999999994,Training Set,1.6254903026751024
4965,2.9436999999999998,Training Set,2.962814974680875
5122,0.0,Training Set,0.015555715132090135
5199,0.0,Training Set,0.0032440264763014762
5599,1.9384999999999994,Training Set,1.818229598376624
4563,0.0,Training Set,0.2173951298562548
5191,2.2552999999999996,Training Set,2.3327470025724275
4295,1.1032000000000002,Test Set,1.3001193172910426
4577,1.6503999999999999,Test Set,1.0081285341658341
3551,1.4719,Test Set,1.4404562698579195
3304,0.0233000000000001,Test Set,0.45114026472416474
3325,0.6866999999999999,Test Set,2.0880957832944835
4465,0.9755000000000003,Test Set,0.8830853949578205
4386,1.7679,Test Set,1.659842392132867
3097,0.09430000000000005,Test Set,0.2290135195110445
5056,0.492,Test Set,0.9259988873043626
3071,0.0,Test Set,0.005823314507714495
5906,0.0,Test Set,2.219576477009103
5638,2.6620999999999997,Test Set,2.606306114052613
4874,2.1495,Test Set,1.8560750692501942
4393,0.0,Test Set,0.014675100541125547
4598,2.1644,Test Set,2.824159413084138
5103,0.39419999999999966,Test Set,0.062031538061938035
4467,1.2541,Test Set,1.2202222408674657
5441,3.9154,Test Set,4.20550635423743
4528,4.0403,Test Set,3.8603243667915415
5772,0.4114,Test Set,0.2610021892413143
3729,0.9948,Test Set,0.8053771683066929
4469,0.0,Test Set,0.062992768015318
3433,0.0,Test Set,0.015283352056277065
3103,0.0,Test Set,0.06315707790265292
3195,0.08440000000000003,Test Set,0.10234776140526139
5278,1.0212,Test Set,0.32640035571928067
5393,0.0,Test Set,0.006132773448773448
4669,0.0,Test Set,0.09788236596736595
5366,0.4962,Test Set,0.4518647842019092
3958,3.9699,Test Set,3.740358733047508
3392,3.3404999999999996,Test Set,3.6044328566711066
4158,2.4513000000000003,Test Set,2.5895277955932947
5800,0.5573999999999995,Test Set,0.5744858773920528
3590,1.61,Test Set,1.5983912039044288
3117,0.0,Test Set,0.0
4643,0.0,Test Set,0.34559759310966826
3500,3.3015,Test Set,3.3789817928821186
3468,3.4299,Test Set,3.390546779467755
5820,0.0,Test Set,0.08626767735875233
3032,1.9673000000000003,Test Set,0.3674045928321679
5869,4.1383,Test Set,3.9324692657398175
5551,0.0,Test Set,0.0007401181818181825
5549,2.2075,Test Set,3.368476491686091
3911,1.3461999999999998,Test Set,1.6085870634310135
3357,0.0,Test Set,0.002405809523809524
5304,0.012100000000000222,Test Set,0.28110165989843483
3068,4.846,Test Set,4.715366652217227
4240,1.9073,Test Set,1.843276056113331
4855,1.4893999999999998,Test Set,1.5763816799478305
4924,3.4800999999999997,Test Set,3.948325847488623
3333,0.0,Test Set,0.00045004285714285685
3726,0.5565000000000002,Test Set,0.17489501437728933
3394,1.0676,Test Set,0.6526802264263515
4939,0.0,Test Set,0.006407589646464642
3114,0.0,Test Set,0.000153307692307692
3770,0.7553000000000001,Test Set,0.12172717017982017
4875,6.2646,Test Set,5.643921101978577
4745,0.0,Test Set,0.017056664024864006
4228,0.0,Test Set,0.10692582851870347
3841,1.9149999999999996,Test Set,2.316056821719947
5382,0.5297999999999998,Test Set,0.50256034001554
3060,3.2009,Test Set,3.5932388025807525
5138,3.8441,Test Set,3.444466974991674
3680,2.891,Test Set,2.800393713320013
4396,4.1061000000000005,Test Set,3.209913600219224
3611,1.2961999999999998,Test Set,1.377351917191142
5590,2.5275,Test Set,2.318712373384947
4490,2.2502,Test Set,1.833351748501498
4006,0.0,Test Set,0.2913015296176045
3382,2.9247,Test Set,2.858018539374514
5219,2.2182,Test Set,1.8361087605727606
5162,0.0,Test Set,0.04620049826839828
3576,0.0,Test Set,0.07728840863303363
4478,0.0,Test Set,0.5836798513181263
3667,2.7401,Test Set,2.9220540035492273
3513,2.6005000000000003,Test Set,2.721354204789654
3595,1.5185,Test Set,1.615382337734488
4570,0.0,Test Set,0.11748943987678986
5186,0.0,Test Set,0.32064235620490633
4794,0.8492000000000002,Test Set,1.3242585697885452
5895,2.0157999999999996,Test Set,3.981554203479854
3441,2.3606999999999996,Test Set,2.4199755636252642
4115,3.5769,Test Set,2.8749901561716045
3604,1.8965,Test Set,1.5783979367354863
3059,0.0,Test Set,0.000153307692307692
3968,3.1799999999999997,Test Set,3.3874270909257405
3373,0.0,Test Set,0.04196212501942502
3899,3.0636,Test Set,2.6627843910450664
4835,4.6171999999999995,Test Set,4.544561893650795
4071,2.7443,Test Set,2.6839529182289925
5001,3.8874000000000004,Test Set,3.8428946707292706
4056,2.4219,Test Set,2.3676395932178935
3692,1.9942,Test Set,1.7842099356560106
5081,3.9792,Test Set,3.6725089198523704
5814,0.0,Test Set,0.03181139444444442
5307,0.0,Test Set,0.1381234318542568
3156,1.7551,Test Set,1.1617301893245644
5065,0.7812999999999999,Test Set,0.7480199882589631
3095,0.0,Test Set,0.036792466799866794
4300,4.1418,Test Set,4.021175772863248
4241,2.8711,Test Set,2.7278344024087016
3183,1.1262000000000003,Test Set,1.1961408831751588
3699,1.5306000000000002,Test Set,1.7865647948579195
5179,0.07950000000000035,Test Set,0.0357105171550672
3587,0.9136000000000002,Test Set,0.9817109527472531
5245,1.6973000000000003,Test Set,2.0117028911532917
3960,2.8982,Test Set,2.89544269191919
4168,1.9965999999999997,Test Set,2.315880433169608
3035,0.2801,Test Set,0.20187293038073037
5636,2.2087999999999997,Test Set,1.9962750040737034
4466,0.0,Test Set,0.37284795499500484
3269,0.0,Test Set,0.0001339230769230767
5348,0.7317,Test Set,0.6697175062548559
3561,0.0,Test Set,0.15753840308025308
3352,2.4751,Test Set,2.3089037829004333
3413,1.7197,Test Set,1.5734077013791758
4242,0.5707,Test Set,0.7754549445609946
3291,2.6894000000000005,Test Set,2.1298287841963592
5855,0.0,Test Set,0.02273523255078256
3661,4.3476,Test Set,3.8930686292596284
3995,1.4247999999999998,Test Set,1.6330962679764678
3767,0.0,Test Set,0.04054113888888887
4789,3.5759,Test Set,3.6647563368575877
3944,1.1814999999999998,Test Set,1.5801042756993005
5559,3.4167,Test Set,2.7973651078171833
3318,0.6493,Test Set,0.542874529131979
5783,3.6282,Test Set,3.603722684226886
4068,6.5946,Test Set,5.048107376570651
5650,4.359699999999999,Test Set,3.785549192726719
5275,0.0,Test Set,0.03916578306693307
5743,1.0839000000000003,Test Set,0.9869856499028751
3695,1.6073,Test Set,0.7958104916611167
5248,3.1710000000000003,Test Set,3.1206724769702516
3395,2.4111000000000002,Test Set,2.491674531712732
3452,0.0,Test Set,0.08587541537074031
3093,0.0,Test Set,0.25269652476689985
5230,0.23019999999999996,Test Set,0.5186628106254858
3486,0.07329999999999992,Test Set,0.020050768009768016
4551,2.4768,Test Set,1.152699959432234
3593,0.0,Test Set,0.013694212484737487
4346,2.2146,Test Set,1.5537739961649466
3261,0.0,Test Set,0.15364566619491618
