material_id,formula,exfoliation_energy (J/m^2)
3606,ClCrO,0.28394811451965846
3114,Mg2Ti,1.8319504321356235
3034,PbS,0.4935948125875536
915,Ga4S3,0.7155608468327842
143,InTe,0.2878408453797652
1747,CoS,0.4723624565072543
3624,Cl2NbS2,0.3119165808174699
1613,F4Ta,0.4892777101910798
785,CuSe2,1.3231714352506265
1473,NbS3,0.44222239377455685
3936,Br4Pd4Te3,0.3696216735678464
3196,LiMnSe2,0.46829345222402563
1713,F3Ga,0.5274016633298737
5825,AgP2S6Sc,0.33275530836646866
199,AgSe2,1.5044271350993002
1800,S3Ta,0.4375320177361192
4488,ClCrO3Rb,0.3500270645846581
1941,AgBr,0.498288836748228
5607,BrCuHgSe,0.5615877319607279
3304,H4W,0.4207482123452428
5772,CuO5Te2,0.9791729170663426
4208,Hg3O6S,0.6603942215445863
5588,Cu3F5O,0.8803208873918648
5685,Nb2O8WZn2,1.4519284164597444
461,I2Sc,0.28951318740064774
180,S3Sb2,0.3677083798565582
3567,F2O3Te2,0.6455865771715684
986,Cl3Ge,0.16670637585446493
350,Br3Y,0.3022496124401135
3563,Cl2Fe,0.2963852956512342
795,AsBr3,0.27665382556383405
3276,PtSe2,0.3528731625859118
4238,H4BaO4P2,0.24460306237607915
5282,F6Li2O3Ta2,0.5293873330373472
599,BaBr2,0.19418975430622115
3382,AgClO4,0.4754043303942602
2828,Al2Se3,0.46090141467044393
4760,BaMn4O8,0.23268046303319168
4099,BaO7Sn4Y,0.2771646182279487
4506,Cu2S4W,0.28309192187343574
2032,I2Pd,0.34252239351247
5625,Mn2O13P4,0.9047570655746466
3021,MnNaSe2,0.943679073727743
6349,PtS,0.6066079572580644
3265,HfTe3,0.4841085563396736
73,Cl2Pt,0.30106952728122366
909,Cl2Zn,0.2859807336003438
3508,O5P2,0.7316706566321051
5286,F4FeLi,0.22354083425148585
359,NbS2,0.4663407226120941
3172,S2Ti,0.4790530319841335
5918,Cu3F5O,2.2418580495949794
4401,BrZr,0.3273613861116079
3615,INTi,0.3036705797988253
4407,H9BaIO5,0.5372482734277881
5701,CrIKO6,0.9203994095360772
538,F3Os,0.3775823948370269
423,Br10Y7,0.31140233157691877
577,Br2Ti,0.3135900205824857
3422,CaS9Sn4,0.2802083413851849
1518,Cl3Ti,0.2969751162456789
5181,Bi5O9Sr,0.5261236775456994
1015,F2Nb,0.33910614953569834
1156,CdSr2,0.8470934050524324
4984,Ni2SbTe2,0.43487680736558887
4680,Li2Nb4O11,0.3364035952142165
5095,AgCl,0.5893419787698063
827,P2S3,0.4003907365198857
695,CuZr,3.284722007121098
5396,I5Ta2,0.08394699154938887
3038,N2Pd,0.2698343232194364
4451,CaS3Sn,0.3854058871881627
683,CaF2,0.7567006984040863
4700,Cl6LiW,0.29415167702642075
2132,Bi4Ge3,0.674774006901621
5269,CCl8Sc5,0.5468292537176512
1517,SV,0.4146991767326453
4066,Cu2NiO7Sr2,0.37646701366221924
5182,Ba2Fe3O8,0.15176503975079603
1,Ba2Sb,0.4764892223280973
3515,BiS,0.035108599785072636
1029,AgI2,0.30929159959363084
5743,Br10OTa2Te4,0.30872053451762516
1217,IIn,0.3172537314486099
2683,TeW,0.38441693980009334
759,CdF2,0.818449820359212
711,Cl2Cu,0.25024019326084784
4207,AsO4Ta,2.0137111377226695
1543,Se3Ta2,0.38406545544247334
3822,As2S6SnTl2,0.42181228494166434
905,Br8Ta3,0.32381820161867686
347,BrSe,0.27753468915773283
2342,Cl2Ni,1.2102460621837579
4542,O8W3,0.30481289900060404
559,K2O,0.3453933368526703
457,In2S5,0.33765249209455905
3113,CoO6V2,0.23141660877389858
4420,HBr2Zr2,0.31792259823536906
1696,Al2Se5,0.3247424454205921
2686,BrRb2,0.35037576538509063
3177,Br2MoO2,0.26274340227302406
246,AsCl3,0.2556389493354024
5215,Br2NbSe2,0.29369953580112085
286,CaCl2,0.2223387257013637
465,BSe,0.3187608224082913
5237,AgBiP2S6,0.40504961521043464
4712,HfSe4Te,0.34421335086745597
1007,BiSr2,0.8851170638711574
4773,H2Mg3O6,0.3367910301019642
2379,Br3P,0.19250939903862213
877,Al4Te3,0.6907271953905234
4038,FePS3,0.42956736674325524
56,AlTe,0.28483542885197
293,F2Zr,0.3141382424198136
2482,CaCl2,0.26854760517054854
698,GeS2,0.352697162251246
5638,C4H6BaO7,0.8721344321156084
3735,H8Al2Mg,0.4120303000763381
416,NiSe2,0.607111716541315
3708,F4Sn,0.4867280057715314
5819,Bi2Pt,0.7652967829040024
2404,CuHg3,0.8926809959705674
5860,MgO4Sb2,0.5228726533292852
1770,Bi4F,0.7267589887161684
4280,Cl2NiO8,0.19963586453142945
4123,KO10V4,0.6986549779679445
1823,CuMg,1.5154923797224131
3445,SY,0.022529854274042898
5375,H2O8Pb4S,0.4917466885534617
5658,Cl7FeSe,0.29143874171329487
722,SeTl,0.3444202719318335
748,ClSe,0.3334604743545695
1752,Bi2Pd,0.7809780495391134
3395,BiBrO,0.3436035898879734
2138,I2Ni,0.9287432598310735
1741,BF3,0.18963762760854166
1296,InSb5,0.48871425586264167
1953,I2P9,0.29153106790594135
725,GeSb2,0.44095818543730625
604,O2Sb,0.4560471731927151
4975,H2MnO4S,0.22348928785968822
3827,BrMoTe4,0.3455204772490412
1494,S3V,0.3967603100069481
309,Ta2Te3,0.3416637145480106
2934,Ca2Sb,0.7704268631123875
2904,BiBr5,0.3724124904587404
2310,CaCl2,0.2595786735285539
1210,BrSc,0.31427285040116726
3119,B2O9S2,0.2876046469044033
3373,HfMg6O7Rb,0.23411915394072547
5614,O3PdSe,0.47257317453325715
4342,C2Fe2O7,0.17406995556977184
4778,AlBiO3,1.2098583567596346
1002,O9Se4,0.49154292508154573
3958,BaCaI4,0.5589352628698108
522,AsBr3,0.3091110080170049
4929,F4LiV,0.28480787668394714
1449,GaS,0.31980846949086034
414,F3Y,0.2030825961381315
100,AsTl,0.9132390745163984
4326,CaCl3Tl,0.5719339261998349
2649,Os3S4,0.39675855506940816
690,CaI2,0.20404362708512833
1340,Au2Te,0.6973473440932254
1320,PtSi4,1.8806717174468028
5200,CrMn2O6,0.3532355286476786
260,Br8Y5,0.3247669513726531
1779,Te3V2,0.3791915322769544
5545,BaBi4O8,0.2668049528800025
3183,S2Zr,0.36403818923350917
1460,Cl3Sb,0.1677160946148001
4197,Bi4Br2O9Te2,0.3298131708488971
3867,H2I3KO,0.44362480114242886
3864,H12N6Rb2Sn,0.3252128607235879
4310,HAuO2,0.39410562127713855
5603,AsCl2Hg2,1.1450333288539372
1581,BrTe,0.3503307596163345
3155,MgSb3,0.6842365295234908
794,Br2Cd,0.311166222225426
3607,Br3Rh,0.2961710185474097
1483,As2Te3,0.43800946611335695
3731,ClOV,0.2731499915490489
3803,F2LiO2V,0.7655309378783682
1946,MnTe2,0.27803874885860824
5645,O5V2,0.4525496801479477
2458,PdSe2,1.2602982711551576
4472,Bi10Ca2O17,0.5343607466851006
5323,CrO8P2Sb,0.9413037896889335
4007,LiO3Te,1.2110300121834716
1505,AgF,0.8511544883267681
3278,In2MgSe4,0.2877714148613256
2769,HfSb2,0.3413135962243585
1760,S2Tc,0.3317508479100075
490,Ga4O3,0.6186590396051814
5058,Co7FLiO7,6.661390913271708
828,AlSe,0.3032243400979974
1664,BTe,0.3105809025872481
4708,ClOY,0.25969936443909414
4178,C2HO3Sn,0.38566765088161226
3110,MgSb2,0.5378665184816716
2901,BeBr2,0.18044728883754
3554,Li2O5Te2,0.4635933241874765
5754,O2Sb,0.4988445590299595
1484,BrTe,0.30044769419270206
3305,Fe2Ga2S5,0.3409693508341363
4585,MnNb2O8Zn2,1.5895041089529107
3036,Bi2O6TiZn,2.8924217831442753
2147,Ga2Se3,1.2919657703246112
3430,NiTe2,0.669498761900504
4259,Se2Ta,0.3188976518854251
35,I4Si,0.49281592048524203
2124,PTe,0.7482036831149202
2859,BiZn3,0.8867291835425449
1683,F3Tc,0.1543791332836657
1486,Se2Ta,0.44541541679588437
3799,BiFO,0.6120654862005794
4284,C4N4PtTl2,0.47515071107804924
112,Cl2Ta,0.3412774673981091
3330,MgSn,1.0237454363998189
1863,Cl8V3,0.33306166484953964
3967,BrFSn,0.3887615793288777
3812,CoTaTe2,0.3906656964801599
2424,Cu2Se,0.2674330343048139
49,ClHf,0.33099539490610375
4421,MnO8Ta2Zn2,1.5547528279767322
4482,H2Ca3O6,0.9649801909675182
5520,Bi2Pd,0.6929230853680028
556,Br3Ga,0.054662196019935584
2930,InS,0.4872723491560441
1530,BiF3,1.0131362832781978
4960,HCuO2,1.0543294213415482
3984,F9Fe2Li3,0.8087142405906468
5681,F6Fe3LiO2,1.8457864663755368
2613,AsBr3,0.2588693644906135
3455,Fe2KSe3,0.5265945691055337
3154,LiMnTe2,0.45639245318375976
5882,CrLiO13P4,0.5900646952175124
4580,CdMoO6Te,0.5443224365518252
3805,O2Ti,0.05535150714550517
2287,Cl4Ti,0.00021289244556090564
2365,BaCl2,0.22433731134435064
859,S3Sb2,0.4257375609975487
288,Br5Sc2,0.2913553965048653
708,PSr2,0.6862716877554976
4693,H8BNaO7,0.6830833958313016
2977,Ba2P,0.43116043931893283
4745,NbS4Ti,0.4476405728447218
2605,B2Te3,0.22762076552240418
4817,F2O2W,0.395571851706768
478,S3V2,0.6643711845062423
4176,H2MgO2,0.43281056929473205
2563,I4Si,1.4650583340340122
289,Br3P,0.18924420729919827
5599,AlI7Te,0.23236338673437326
3960,O3SbTl,1.243381450461141
5340,FeO8P2Sb,1.2671001361310819
2677,HfTe2,0.43502281451530805
602,B2Se5,0.34698255150063195
2502,AlBi,0.4085126511804069
5470,BaO8Sn4,0.38343358695755386
4426,I3O9Sc,0.6121356028711592
3548,Pb4Pt,0.630500990292985
2452,BeCl2,0.19368130598879113
2914,Bi2Ti,0.7694304688968507
5415,F4V,0.2829604389396456
1642,CuI,0.3154342888719938
236,SbSi,0.35226447935232924
3353,I3Ir,0.28589037483077123
1219,Sr5Y,0.893849984720291
3752,ClNZr,0.2873720694929144
773,Sb2Se3,0.3924937731278892
1641,Si2Zr,3.522806557600181
3736,Se3Zr,0.3364505112534392
1955,FP4,3.010597887585316
5208,Cu2F5Li,0.7278671506218484
1792,CrS3,0.39215295184029775
325,AsSn,0.39796706807533705
870,F3Sb,0.37460032114873004
3064,Ga2S5Zn2,0.7216739605683066
3911,P5Tl,0.4222472061592738
1605,AgTe2,1.1033794692710646
4288,O8SnW2,0.3916216739792485
1635,Cl2Cr,0.35971268448264687
910,Ca2Co,0.9403703996719209
2199,P4Pb3,0.7736633720299646
5776,F3OV,0.26252518035389494
3195,Bi,0.554159417811467
1118,BS,0.35452767010983827
1188,I3In,0.2461839158071697
2939,In2O3,0.0210752209962114
1096,TeTl,0.3662441678345755
270,TaTe3,0.45345874773192335
4348,F4Pb,0.40309061761457
1972,AsCl3,0.23181734615728747
5942,N,0.0498211347667363
2094,BrNa2,0.6634095066880059
3419,BaFI,0.39995991402055975
900,I3Mn,0.3529198261920519
5512,FeS,0.41549118927130707
1868,PtSn3,1.1062790674744678
932,IrTe,0.5412040733463975
4788,FMnO,0.6677443194496933
3717,I2Mn,0.26792553711061173
4193,H2O6Se2Sr,0.585773841258001
1030,Cl5Sc2,0.30095757329913186
2890,B2Te3,0.24257729179575438
5474,FeSe,0.4047280469015784
3039,Te2W,0.3917647943521481
1947,S2Ta,0.43686627774413006
1222,I3Zr,0.26934806480319806
2028,BaF2,1.0728594800033648
960,Sn2Ti,1.844724519047783
4999,O5W2Zn,0.1668365691262739
1437,Br3V,0.3056260343736035
121,HSn3,0.2573816580468648
82,NSi,0.3681620768421184
3325,Fe2OS2Sr,1.7652663138453701
3901,FeO2,0.4725915686656133
1583,GaSe,0.3165141355845889
5335,H3AlO3,0.7865732176527992
3561,CCuO3,0.5178949015277722
5274,H3F3GaN,1.9460211851753186
1743,Cl7Mn2,0.2983344303128231
5070,AgClO4Pb4,0.5293939461699368
5907,Cu2O4W,0.3021966180988051
2418,F4Ti,0.0013219075881414184
2269,TeZr,0.3502865678471062
4072,OTl2,0.3382585507803327
939,Ca2Zn,1.0138802345410294
5720,O7P2WZn,1.3854365759603784
1660,Ba2Zn,0.6961137972051953
3504,ClOTi,0.2768571674450617
1413,Ta2Te,0.4913908834996419
3903,Co2O6Ti,1.2780211481958514
4516,FeS2Tl,0.5157776675879501
4303,Br2Cu3O6Te2,0.2951427220070574
4396,Bi2F4O,0.9166435810396687
4312,CuLiO2,0.8596753669469276
4751,O13V6,0.9383621898506196
3920,H2O7Ti3,0.7768429218954821
5501,CuLi2P,1.1133226745082525
439,Nb2S3,0.3944754503578851
2773,Cl5V,0.29356774653722995
5495,F6TiTl2,0.5130331927964042
5386,Hg2O7W2,0.5149815275600469
4945,CrFO,0.41628865257339237
4490,O8P2SnTi,0.6301170830340774
4746,Co2FeO6,0.386253959309514
3209,CdCl4,0.3102274845446923
5419,F6Mn3O,0.2976686468985721
2248,AgBr2,0.3693485017910833
2009,TeZn,0.32818375695714475
1253,F2Sc,0.2938023755390959
1678,RhSe,0.538356448528507
1546,Cl4Nb,0.3322544799084104
2325,PbTe,0.3125515858965399
5745,Cr4O9Zn,0.656252959153377
3791,F3ISn2,0.5247466882495609
5976,Fe3GeTe2,0.4059405180380267
3288,CoGeMg,1.9017602887739247
1412,Se3V2,0.521949003545524
4673,KSb2Se4,0.6326241142324329
4977,NiTaTe5,0.2913854254978556
176,CrF3,0.26361399287604864
1645,InS,0.31405277395125086
1985,Se3W,0.389073742798182
1397,Al2Fe,2.782764299658846
516,PdSe,0.3403170390467252
101,Br4P,0.5093855986469251
1372,Br8V3,0.30023519349634903
2324,FeSe2,0.30320458844954545
2244,Br2Pb,0.483750140662528
4896,CoNbTe2,0.4067784962301862
5823,GeMnSr,0.6771925669565223
5005,F9LiMn2,0.441988878272374
1416,Br2Hg,0.3399820251654054
4685,Sb2Se2Te,0.42300822757685425
5179,PdSe6Ta2,0.3933847507955882
1910,Ge4Ni,1.0303442317311828
4459,LiMnO4P,1.4866228490949287
4511,O5Te2Tl2,0.3491799068381773
365,HfS5,0.3447178915153982
5899,Mn3O12Se4,0.3078255444588694
961,I8V3,0.2996896082462789
3407,BrCrS,0.29518858128894815
3948,CAuClO,0.19173453893958306
3095,Te2V,0.4807065339507692
95,Cu2S,0.7207246584022765
307,OsSe,0.4219247201418674
4636,H2O2Pb,0.41679150041563173
4234,O5W2,0.9619087836732115
5154,MoO2,0.22946456406858892
770,STa,0.42501498726833314
3968,FOSb,0.36376757652797015
1731,ClTe,0.3212332642592981
873,BaF2,0.7540585465529773
1401,FeSn2,1.6403349241455296
4802,Nb2Te3,0.4372839834622774
4181,HgPSe3,0.32398237532239366
3086,OPYZn,1.1733299284166154
4358,CrP2S7,0.2256470506985698
3613,ClNaO4,0.5026396177256472
2476,Al2Se3,0.9992267876300946
3217,CH,0.2042901517193175
115,SeSi,0.2699302255369813
1387,CoMg2,1.1962098350822887
5418,MgO8Sb4,0.7642324720796247
5256,P2S6Sn,0.3292269662982141
3814,CCuLiO3,0.48700213140519155
728,As3Sn,0.9522185336739641
5676,Co3O16Te2V3,0.17237443085575577
5430,GaO7Sb2Sr2,0.8325184252221655
2996,NiSbSi,0.6231514520440734
343,TeTl,0.7949253130685322
4982,F8Mn3,0.22945745150094624
929,Cl2Y,0.2847902937218069
511,F3W,0.29380446349581635
1005,BrGa,0.34195195075885654
389,Bi2Se5,0.6203056984199751
5871,ClCr3O8Se2,0.2548222048546101
5143,Ba2Cr3O7,0.2226857769552576
5916,Cu2O4W,0.4009893834774635
1774,Bi9Br2,0.5752404025138096
183,Cu2Te,0.6637772730454825
2976,BiCa2,0.7385314856763008
3486,Te2W,0.3656602229538748
5001,NiO8Re2,0.420904742216616
1507,Se3Tl4,0.7850003547439579
1783,Br2Cr,0.3162272708723521
3433,ClZr,0.3302398202857186
774,GeTe,0.24114145785919114
2318,Ru3S4,0.41815253004466935
4465,AuBrO2,0.28723637673457514
1936,Pb3Pd,0.926376814308447
5413,BiBrCdSe2,0.7673610782765288
4710,FOTi,0.37547112209125255
3627,CuI,0.31098126861297104
3024,NbTe2,0.4334141630256923
2484,PSe,0.02396801590890265
3117,MgTi2,2.2358292571990397
1151,RhTl3,1.3528961495147682
3933,BaCaI4,0.20407881986010515
588,In2Se,0.545201973794632
226,Br3P,0.2624808158085676
3173,MgTi,1.897831075742508
5738,F4Mn2O,0.3174542385223063
1870,Se3Y2,1.1535057665097117
5846,HClZr,0.33396572034502287
597,S3Sc,0.46928832903586043
3952,Br2O11Te6,0.7830186809373604
45,Mg2Sb,1.0801020410435078
5043,CoFO,0.7111378818829052
28,BrS,0.250678766651667
2534,SbSe,0.6985293155317105
3465,AgClO2,0.4342540311886176
2173,SeY,0.033273281944829314
5232,O7P2Sn,0.827034690642812
1258,F2Hg,0.7143506385789369
3210,As2Se3,0.4490421216633147
1273,PtSi3,2.847031466839001
703,S3Tl4,0.7984026119129204
1225,AlI3,0.25437064559808126
3977,F12MnSb2,0.28320931804237914
762,Na2O,0.1544790556926985
71,AuTe,0.7261858951385793
142,AlI3,0.2592616231541478
5884,F5MoZn,1.2428407772128227
1485,Be2Rh,3.057328063874526
3271,MgSn,0.7782610380081392
920,Ba5Y,0.820948573532086
471,Te3V,0.5001401677210175
5733,As2Ge5Te8,0.3964800286770229
4646,CaS16Ti8,0.4043614166220048
1768,Nb2S3,0.8473147853211995
5665,Cu2O4W,0.6745186270441641
4769,S2Tc,0.38547084728935227
767,S5Zr,0.3386437978303044
1571,In4Te3,0.731194172121156
4244,PtTe2,0.5059743634318413
871,CCl3,0.21109551386730857
5321,CrHgO6Pb2,0.6704216449022358
4938,CrO8P2,1.6705989141843003
3781,PPdS,0.4711824448616081
1786,AlP3,1.213774823833361
4789,As2O4Zn,0.4106185333397408
4841,H4O4P2Zn,0.3269290917802628
4082,O14P4Sn3,0.19941446821287942
4615,Fe4S5,0.013792909637928646
4354,O8SeTe3,0.5132941629841101
5896,CuO3Se,0.52873331687448
3283,Nb2PdS6,0.41526718463053985
5091,H2ILiO,0.6249441721981974
4177,CaO2,0.662386155191002
1106,RuSn2,1.4185107719521843
3995,ReS2,0.3752676656705072
1789,F2Mg,0.3907587298445301
5358,BiF5,0.20148074247522677
3028,Ga2S4Zn,0.5700289817321639
4521,BiCoO3,2.923015523097257
5739,Cu2O7Sr2Te,0.37966956707213706
2738,BaI2,0.2126108983074911
3418,Cl2CuO2Sr2,0.5365404836225047
3492,AsMnNa,0.6256454902814167
366,Cl8Si3,0.17529467079845812
890,BrO2,0.4176308841340386
5671,F6SSn4,0.2690077729738129
5109,BaCu,0.6511673238478576
1236,NiPb4,0.6206682817840579
1652,Cl4Ru,0.3507940443857652
3767,CBY,0.11126419901344259
3950,C3I6OY7,0.19946113082975217
2517,I2Sr,0.17663260863105204
4393,Fe3Se4,0.5086224835945217
1454,Ba2Rh,0.6182125709688825
5285,FOSb,0.2341224753605915
1797,Cl3Nb,0.33634694551669697
4940,H3AlO3,0.750502957677222
4164,LiMnO4P,0.8376103732709975
1574,Br3Sb,0.2792791494165341
5090,ClCoO3Sr2,0.5437777231825669
1745,RhSr2,0.6815751222290282
4405,O4SSn,0.31721355212830254
459,Cl2O5,0.24459043241150702
5624,Ca3Co2O6,1.6208067486108615
848,Be2Ir,3.030995653613887
852,F2Hf,0.6542075365775316
3738,S2W,0.30709462099775836
1561,F4Ge,0.32025542460831513
2314,SeZn,0.5909216057915078
570,Br3W,0.7667809729370294
2272,ScSe,0.038040483136486905
5128,HO2Sc,0.855023283192694
5632,H2CuO5S,0.9455140678172728
4770,BiCl2CuS,1.1485767433064382
1999,BiF3,0.6477434358303034
5261,MnO7P2,0.7984630914862231
2510,I2Sn,0.48927291012069823
1145,TaTe,0.3840407294799017
5034,H2CuO2,0.9155984933054857
1821,Te3W,0.38516674310658994
1840,I2Zn,0.3064179337864504
5199,NiSe5Ta2,0.34342006559951144
5521,MnSnSr,0.9406756888681134
1819,As2Pd,1.0986524252135006
4618,Ag2Se,0.6619933410341411
4332,CrO5P,0.28774429976294397
3405,FIPb,0.29698981533076735
276,SSn,0.5919820799412607
5048,CLi4O4,0.009457698106327841
2212,SbSe,0.031132855840654245
5529,Cu2IO3,0.4918786028241923
2778,SbW,0.5427587550698246
1474,Bi2Ni,0.5929194158277094
1961,CrSe3,0.37731199865271897
764,Br5Ta,0.5202623790086686
3683,O2Te,0.5792507419623486
3524,IInTe,0.26680966840765413
4597,ClNZr,0.28558319565226875
2159,AuCd3,0.9943405671387399
5085,Bi7Cu4S12,0.902829499596178
4589,PS5TiTl,0.3478258450385975
361,I3W,0.27201717576145085
598,O3W,0.6840237960709988
4508,Br2Cr,0.2729064919433164
903,Ga2Se,0.7482320280671381
4667,Fe2Li2O7Si2,0.23236439669505546
4427,O2SnZn,0.47578589443436936
5108,F5LiOV2,0.6104635135280606
572,BaI2,0.45673823748614667
5903,Bi3F15Y,0.38288139729967036
1433,PdSe,0.5538495813166692
4322,FO2V,0.4493823582430997
4156,F4LiO2Re,0.31404510994113705
801,CoSe2,0.6996769464661756
5355,GeO3Ti,0.2085687456418841
4805,Bi14S8Te13,0.30912544088091726
813,Br3Si,0.1684976025519394
4265,FFeO,1.1779033490523139
345,Br2Sr,0.20502937438470328
4610,PPdSe,0.45814080113129796
4859,Cl2Cu3O6Se2,0.3202074539494535
1143,Br4Sn,0.3435955793199661
379,PdSe2,0.6047668945299988
596,Nb2S,0.6129434931358518
1700,Cl3Sc2,0.33566894458345425
1881,F2Hg,0.8225507859834991
463,S3Ta2,0.8814238463171502
5842,KMg6O7Rb,0.3538158865469226
1127,BiBr3,0.3195474398412204
3529,I2Mg,0.25419854884291454
2264,FNa2,0.820322626687937
5700,LiO2Sb,0.28429771512931995
682,Bi2Se3,0.4132229902967119
4694,H16Fe3O16P2,0.7891283722707113
5487,C2O6V,0.2568034193323673
4749,F5LiMn,0.35082033697534293
1852,F2Mn,0.2806729964230609
1667,B2Te5,0.342591599895533
4861,NbNiTe5,0.3123453733693591
2834,Ga2S3,1.005840184435983
1524,Ba5Ir,0.80303128277524
12,Cl4Sn,0.3081297419934363
3401,H2KN,0.3499435224934946
3136,Cl3Zr,0.28288330072363843
4304,BiCaClO2,1.1314891841964112
3015,Ga2S6Zn3,0.8050949365728226
697,Cl2Hg,0.26800439063320597
4798,AgClO2,0.3148856388235837
1849,GaP3,0.9262316160987918
2131,AsCd3,0.6543440415853111
3518,Cl2NbSe2,0.3014996177558551
5551,Ni2TaTe3,0.3848391495965196
1623,Br2Sc,0.3029865999957154
3440,BiLiO2,0.5436443018077725
1671,BeCl2,0.2891119063041663
330,BI3,0.2513602578130225
3652,Br3Ir,0.29090419145749213
5033,Co2NiO6,0.38276839533076396
2135,Cl4P,0.29769822020443687
1471,CrI2,0.2800977830084686
3845,F6Li2Mn,0.7795388433481419
2390,Au2Se,0.3127032038436283
472,Se5Tl2,0.3732534564723064
3603,Cl2Fe2O5Sr3,0.5332054373805402
387,As4Cl,0.5781638796750672
5780,Ag2S4W,0.24832975952315847
3569,HCuFO,1.0669275399313192
4674,Cr4O9,0.3902003744663613
3498,Li2O3Te,0.32675358751805655
158,Cl3Tl,0.24161959169121375
3447,Cl3Rh,0.29357979567564574
5157,C2KN3,0.4253849622045035
4119,H6Na2O6Pt,0.5958486144422517
3410,O4SiZn2,1.4068354637103644
5073,Cl6InNa3,0.5324887673375961
3591,AgInP2S6,0.33334312641115144
5702,AgBi2F12,0.2921350845464776
5189,Ag3IS,0.2551118149344342
3526,Mn2O8Te3,1.13887004402286
3485,O3Tl4,0.36061192905194045
172,AgS,0.41252714580885835
5330,F5TlZr,0.5831257530908531
2532,FK2,0.5062595982297183
3343,Ga2Mg,1.3548628195221613
3841,Hg6O7Si2,1.2322248320713507
2180,SnTe,0.3554385909862182
3484,AuI,0.3150942204133806
4793,BaO8Ti4,0.1165940293143355
727,InTe,0.2671643921449864
5806,Bi2Ge3O9,1.2216941906673795
1399,BiTl,1.2118188979686002
377,Cl2Y,0.331654368815925
3877,CrO4Sb,0.4158576076273327
2037,F4Pb,0.31616749255858584
2765,SbZn3,1.0739954678326267
5479,As2Si,0.3645603401677675
3757,Br3Cr,0.2908890590172563
4314,FFeO,0.41316792900203747
2218,Cl4Ge,0.27082013261799326
2662,F8Pb3,1.282924003804345
3022,NbTe2,0.4974664813728685
4365,H3AlO3,0.7410492083664516
4360,GeI2Y2,0.23642344558473902
4782,F4W,0.2607798881527211
2673,Br5V2,0.10343461544929926
1888,AsF3,0.29020121381477787
5829,H2AgO4V,1.357898167817264
3284,AuCuSn,3.604669844636545
3751,ITl,0.35989055583734486
5092,F3OV,0.2087526173758002
1738,ClCu,0.45379699898604514
766,PbS2,0.4078461306001941
5635,O5PV,0.55000523100397
1854,Mg2N,1.2713676177319482
5646,BiO5Sb,0.35690460817700953
5144,GaTe,0.2875406135064164
3275,Ga2S4Zn,0.5737888079347583
5973,P,0.47387045427086216
5834,CuGe2O6Zn,1.2398180487778134
3862,Ba2Bi3O7,0.45911940727730866
3089,In2MnSe4,0.3887767611094592
1726,ReS2,0.3950493245566218
348,F3Zr,0.2528458344406375
18,Cl2Hf,0.3107677982910898
5777,Br4S9V4,0.26832462435392296
1608,BiGa,0.5054372622043263
5153,Mn3O8V,0.4858986019876124
4992,LiO12Te2V3,0.5403578466723798
1395,STl,0.3507159464372865
5277,O3PdSe,0.44817535119419394
4748,FeMn2O6,0.3645831242904786
3287,BCaO3,1.0134888055987903
831,S3Y2,1.289467134311601
1000,GeP2,0.4100320814046063
4203,BaFSbSe2,0.38890529350074693
1721,ClTe,0.34994258497861774
1869,F2Hg,0.6632593881071142
5281,BS2Tl,0.5060611703389526
845,FHf,0.41646219748178226
1901,NiPb3,0.8368035554858219
1427,F2Mo,0.5137687596519983
3577,BaF10Te2,0.5464682207751024
203,Cl2Sc,0.3439187134412418
4913,ClInTe,0.41231477160263047
1802,FTe,0.4454278812547395
1495,I2Sc,0.34041085579618213
166,Cl4W,0.27743109295480606
5278,ClFeO3Sr2,0.5091561363852493
5767,Mn4O9Zn,0.7304297229401779
4691,F5W,0.4133863241959878
5253,Al2O3,0.032305002300585674
2196,SZn,0.38458323572205966
4558,IrNb3S8,0.43716745329814805
4862,F5LiV,0.4152827569478649
5310,Cu2MoO7Sr2,0.3378597444957157
4740,AlO3Sb,0.7817510858373595
1722,Nb2Se,0.5007416457083023
758,As2Ni,0.4448525891112892
3704,I3PbTl,0.44205911201633763
633,FeGa2,2.0169606413367016
5556,AgBiP2Se6,0.33527047667943927
4808,Bi2SeTe2,0.3438376077500445
5560,O5Pb3Se,0.6109401894675016
1759,InTe,0.3785549078573548
2102,B2Te3,0.5792554003984451
3512,ClGaTe,0.3169670145258078
1170,CuS2,1.3191784323818994
5409,Co3LiO6,1.7763107377091323
4505,FeO3,0.20973313957114095
5077,Br7Re3Te7,0.2853804574804755
4791,H6HfNa2O6,0.5390873532863424
4684,ClY,0.28961074770360296
3392,F8Sn3,0.4069020200138357
1527,Nb2S3,0.8688204077621283
889,NbS2,0.4502207340719535
3638,H4CaO6Se,0.7285558850019378
5967,F,0.1742407303527748
2074,AgO2,0.5744380895487641
4229,CuLiO2,0.27155796079628197
3544,SiTe2,0.34779326397164234
3348,AgSe2Ti,1.1715837073432767
3393,P,0.4610494843024964
3969,O11Pb9Ti,0.34293846244531845
1812,Cl5Nb,0.5308756014497159
4414,HfTe2,0.36191244880933526
2235,BeBr2,0.13323220440400343
4924,H4AsNaO5,1.3670094607123255
4845,Te3Y,0.4172271710079045
397,N2S3,0.23880062320566034
4412,Nb2SiTe4,0.5108758169709496
3461,Au2CaF12,0.173544590675034
4921,CaF6Sn2,0.3579053564439892
4281,H2O4Te,0.4261083014423995
271,P2Se3,0.32399821339178136
2523,AuN6,0.40895263777485413
425,InSe,0.32496864143510823
2396,BiCd3,0.6873394621806553
3813,NiS5Ta2,0.3540203414805553
1646,Pb2Zr,1.7662466127519123
5609,O8Ta2VZn2,1.5534072227895914
2271,O3Ru,0.244840996753579
5945,As,0.00022706988294222158
3887,F4MgSn,0.5884804676539134
2161,Sb2Zr,0.6584421793638525
5293,HNaO,0.35667365109666044
5497,CBi2O5,1.8144971041573612
1914,I4P,0.36399924536141737
4852,NiO4Te,0.3864013385548338
985,Ca2Cd,1.0365231707721285
1211,Cl3Pb,0.286674350752918
69,AgTe,0.7655810778329363
2547,Ge2O3,0.7017131282617634
2583,CaF2,0.5310511776915131
3795,ClFeMoO4,0.5228399977302854
408,As9Cl2,0.5854195534322494
4294,Ag2S,0.4329554705617066
2506,As2O3,0.48338962188900014
3623,CN2Pb,0.42185489805355963
443,Cl3N,0.2830461233956025
2100,RbSr,1.0484435054580272
1511,F3Pb,0.8014530238467185
4725,H2CoO4Se,0.3398388016072154
2214,PbSe,0.3251228918703836
3568,CaMgO6Si2,1.2254363404971087
2709,I4Sn,0.2778886933775234
547,F3Y,0.9296215304420964
2575,F2Pt,0.4030280387985332
1403,AlBi,0.3933950040135604
2614,SSb,0.7035922649014443
786,Cl3In,0.1352637437167614
5626,Br2W,0.28805449321568927
3429,H4O4P2Pb,0.25117997949071524
4727,F4FeLi,0.7077638348406964
1447,I2Ti,0.30898688036189065
5168,Cl8NSc5,0.5337048300480925
4144,GaGeTe,0.22185133573853774
4873,Co3O8Te,0.38389864354003755
5382,CuLiO12P4,0.9793308643779177
3981,MgO4Sb2,0.6907019963226438
5502,CHKO3,0.8476400858362227
3667,BiClO,0.44988692219966925
5105,SeSn,0.510915817746848
4400,H6FeO9P3,0.6473260388458721
4050,H2Mg3O12Si4,0.28490555223299113
2940,TeTl,0.30268302047637907
2006,RuS2,1.0434935585701086
1080,Cl2Rh,0.35777648580203425
560,HfI,0.3354423788823047
4055,CrCuO4,0.7801183836680443
4406,Ca2CoO3,0.0497176974025345
1718,I2Sb9,0.572129815282982
5191,H2Mo2O7,0.3525049268986988
4453,C2Co2O7,0.21442472851553673
1622,Cl3In,0.24445072852196562
4227,Bi7Cl3S9,0.3432991510240362
1099,AuI,0.3461440577933279
2345,Al2Te3,1.1473619010661458
741,ClO2,0.30933977850218686
1049,STc,0.42832124718429615
3315,O3SiZn,1.5331614331691015
5954,Bi,0.0019312482107962817
3295,BrCu2O3,1.093922158635314
2947,BiMg2,1.1215806846469987
5135,AsO4Tl,1.017047277417539
4918,AgS2Sb,0.2515981375474207
3218,MnNaTe2,0.8196935447240178
576,B2O3,0.24735721655660495
1035,S3V2,0.4135140566130132
4214,ClCuSe2,0.3423806735986085
3722,Br2Ti,0.24959360805638356
3406,Te3Zr,0.5176904192162324
4026,H2O7Ti3,0.15287000952029345
98,Se5Ti,0.3299345202158433
4753,AgBiCl2S,1.0321371792948637
5148,FeTaTe3,0.3691333808027506
5354,Cl4Cu2Mn,0.5344149238206916
5053,Ca5Ir,1.061123594721865
3997,H2O7Ti3,0.24786316480774503
3693,Hg2P2S7,0.45191112342411216
4864,FeMn2O6,0.4048291132212922
2634,SSb,0.6288450668024222
4069,CClCuO,0.2646937846247616
3793,ClNa2,0.7404219598378847
919,Al2Se3,0.31620756858109683
1304,PbSb3,0.7245582530278878
2188,ILi2,0.8784699048877677
712,Br2Pd,0.29244638917677485
1924,Bi2Ni,0.7552339269411408
1133,F2Y,0.2942957057281575
120,Br2Ta,0.3232867531811825
3088,GaTe,0.2551711153805521
2606,CrS,0.41847995194929866
5601,ClCuHgSe,0.49666199963736535
1749,S3Ta,0.3803680897387215
1057,Br4Mo,0.28666055484521785
4215,GeS3Tl2,0.41998456053672795
3112,Mg5Ti,1.440937750519185
908,Be5Rh,3.3393245704305823
5102,BrF3RbSb,0.5665129872238218
5317,Cl2Mg,0.26650336745267006
3520,Sb2Se3,0.4682404305700133
1742,F4Ta,0.38639785188545567
3167,F2O2Zn,0.3919694835467205
2255,BrLi2,1.061597548298923
3033,CaFeOS,1.4271154386647955
5466,Fe2O5Zn,1.5570231945401933
5947,N,0.6210389765197007
3665,IO3,0.4242107317026157
734,F2Pt,0.46494385441000774
830,NiSi3,2.0394209321145205
1939,Bi2S5,0.387362729115072
981,GaP,0.5256361491987959
3502,S2Ta,0.438758837136683
1137,AlAs,0.34481231860607425
5439,As2O5Pb2,0.6245792164078843
4545,H2NiO2,0.596877595258129
5305,O4WZn,0.38983743890348066
5262,H2CaO6P,0.6776235427057706
5715,H4BrNaO2,0.5436475884173424
1167,AlBi3,0.6652016752743557
1092,HPb3,0.37633672310451277
3230,Bi2Pt,0.6914364413682803
5535,CdPSe3,0.32597240297411795
790,AsBr4,0.3287470965309975
4915,Cu2O7Sr2Ta,0.2786616326747177
5150,BiO2,0.16178845223729016
2720,F5N,0.45594393575876474
4499,FeS2,0.31770112951462715
4098,H2Mg3O4,0.5061006277435379
4865,O2Sb,0.496475371540436
1542,CdI2,0.30214036057535887
2241,Ge3P4,0.5883027414733962
2169,BF3,0.21723458777663454
5052,CrGa2S4,0.3422302146157395
863,BrY,0.20624907721287852
4213,SeV,0.4428934816149024
84,I3Rh,0.2877688941890963
1545,TeTl2,0.4352577616845474
3604,AsSi,0.34613395565162886
1865,CP3,0.6989478412379082
1341,GaSb5,0.5013023448447088
5765,Ni2S5Zn,1.001031480807177
3285,MgSn2,0.7047499216107244
5062,H3AlO3,0.7925887589334262
3319,GeTe,0.4230311254386056
4070,FMn5O9,0.3539137066911597
4411,NiSe4V2,0.7866278023939742
3296,BNaO8S2,0.5196040700103157
4587,C2H2CuO4,0.29900528188988207
2573,F5Nb,0.31486358738467646
5480,O5SV,0.596015145394819
4291,H9ClO5Sr,0.6022131378931118
4491,F4Mo,0.26755461791377694
3655,MnMoO6Te,0.5273057290240167
5380,Bi4O9Zn,1.157845250700797
4433,F4Ti,0.45529697131226027
2177,Au2Te,0.25671052816038825
2990,H3W,0.42639281969750076
5260,HFeO2,0.2730947481722924
3675,HgI2,0.27521623992650635
491,Cl2Ge,0.26236932268170643
4408,CrMn2O6,0.2963605649228108
3100,PS3Sn,0.3105083507776977
1691,SeTa,0.3876953945530825
3081,PbS,0.6091552710860108
3133,Pb,0.544849161701113
2694,I4Zr,0.0010020820781821986
5875,Li3O18P6Sn,0.8645592522145004
566,Ga2Se5,0.3467090559383719
3207,MgTi,1.8460356779955167
1119,BiCl3,0.03867029919521878
2549,Mo3O8,0.33085563358703785
3011,Mg2Y,1.1271037887594855
1183,RuTe,0.3868127299764525
3201,Al2S4Zn,0.7370046034316586
5562,H4N2O8Zn,0.5562103245431274
4525,As4Cl2Cu2S3,0.514185808566411
2141,AgCd3,1.0040233628268085
3979,CrO10TiV2,0.39702619169974224
4270,I2NbO,0.291770491444877
4919,BiFeO3,0.21487684554512104
3514,PtSn4,0.8863285110257905
4706,CaI2,0.22789785960969555
1450,P3Si,1.1087675287160723
5363,O8TeW2,0.7012818065851983
232,Sb2Se3,0.4489813770136676
1452,Cl2Hg,0.27519566576851207
4330,F4V,0.2844320164454681
4245,MgO5Sb2,0.5608501203647279
1330,CoMg5,1.4209507279092901
4664,AsBrCdHg,0.35640965708014455
3787,BiO4Pd2,0.6723355038562273
3649,Hg2IO,0.4781603651143177
3051,S2Si,0.30412072393928447
4910,Fe3S4,0.3848903843895984
5874,H4ClNaO2,0.5915071460868198
1051,AuBr,0.46500610910493667
680,F10Y7,0.6906365047585897
3025,Mg2Sr,1.6744144404888177
3001,BiS,0.04403097248353016
2616,ClRb2,0.3677669485220389
3630,H5AsCaO6,0.8758267325681831
4049,H6CaO7P2,0.9724316064269878
812,As2Pd,0.664337995853065
553,OsSn2,1.1831503048425702
5399,Bi2PbTe4,0.3819102194501594
4651,C2H6CaO7,0.7887316953802692
1446,Bi9Cl2,0.5894460434964582
4340,Ta2Te3,0.34888317146087383
500,I8Y5,0.2685150035405343
4943,F3OV,0.297494621135949
3940,Hg2O4S,0.819946892753178
1175,AsBr3,0.17152974628401207
2137,OsS2,0.704465629803645
2292,CuTe2,0.12561858040829166
5895,CBaO3,1.4597420946598916
5728,H2MgO2,0.5317717388504608
3593,BrOTi,0.282356287061418
3643,SSn,0.5219204853248932
138,Ga4Te3,0.6186047049212409
4551,C2Fe2LiO7,0.7558652202879291
1665,Cl8Mn3,0.2757111686370192
1694,Hf3Se2,0.5178735202244167
1519,AsSn,0.4565120884959394
3404,BiSe,0.5730325828754609
4819,CuLiO4V,1.2846089034729073
3896,H3F4NZr,0.563140448317326
4783,CrS2,0.26842416309006917
3677,NbO2,0.4161671679233478
482,Te2Zr,0.4003836891476106
4057,MoN2,0.5752080286515078
2854,PZn3,0.6002609510817567
1012,CuF,0.8098156734282718
4416,CoO3Sr2,0.9070893693816255
1629,GaTe,0.2862838559458451
3203,S2V,0.4308919499002677
4024,Cl2O3SeZn2,0.273384068448732
1938,AuS2,1.040651841738827
1906,RhSn3,1.4464053711989544
4362,BaCr4O8,0.20952201308975726
5732,Nb2SiTe4,0.3513517095655377
1497,As5Tl,0.44171700773123745
4962,BiCrO4,0.7838911198537266
2432,HgS,0.5364006776781362
1744,F4Tc,0.3657009454662167
3421,Cl2Ni,0.3074881437280957
24,Br4V,0.43163063458378925
804,GaS,0.3531745756598535
2001,Cl3Sb,0.2261855038919716
3487,CIY,0.24908862731749593
3141,O4SiZr,0.9498575860657169
4169,Ni2O5Zn,0.27020147050721605
5435,AlBiBr6,0.24277890355111997
4790,SeSn,0.2793718377932652
4497,AlSiTe3,0.3129087739644125
4701,HSi,0.18649556116954477
1245,ISc,0.3227696345270792
3685,Br2Cd,0.2595761796064853
2746,AgZn3,1.1943458786365686
4231,O5Ta2,1.8010395213421997
3460,Hf3Te2,0.46207824899315125
1756,AuI,0.319647934149023
4879,H3AlO3,0.8208449197937278
587,AgCl,0.2930496076590642
5893,BaCl11Y3,0.5992346130326309
5448,F4LiV,0.5503011858993913
4071,H2LiNO3,0.6855659869409588
2449,AgCl2,0.36313686850265575
3120,CdZr,2.064762451614919
2793,AsZn3,1.0043649848684875
3222,MgTi,1.1215746372547417
3830,I7Nb3Te,0.32654961412830374
557,AgBr,0.2665340298678296
1727,CuS,1.0462272186495192
3244,Cu2S2Y,0.6699799145946641
1398,As2Pd,0.5893785750020117
5131,CCuO3,0.8751114772463322
2987,LiMg,1.1009719083535143
187,Se2W,0.36645995822108474
3774,Cl7Nb3Te,0.3081974092323737
2282,Br4Si,0.26172781191296773
2046,CaK,1.2684353371024326
4489,Se2Ta,0.4156204892673325
2226,AuSb6,1.245582855710248
2183,SSn,0.352381429193327
139,MgPb2,0.7488208942806215
4295,In2Te5,0.33721444125123967
2624,AsF3,0.211757177884482
3670,AlCl3,0.27673080866791355
1181,As2Ni,0.8852479482586041
1764,Br3Y2,0.3221219241587568
214,CdCl2,0.3169202222433092
2580,Br2Mg,0.2597080100271273
5623,LiO12P4Sb,0.8456737096697095
3008,NbS2,0.4535324048954709
1595,Cl4Ti,0.2660314147121087
4434,AgFO2,0.39569334097907527
2569,MgNa,1.6848624691118697
504,S2Zr3,0.7874120083945039
636,S5Tl2,0.37444367592361244
248,HfSn2,1.9368393956433763
2469,LiSr,1.1661781811445708
2951,SeTl,0.260205818366092
4129,I2O6S,0.3402442054976423
714,AlCl3,0.24145750158329787
805,Br5Y2,0.297244957088955
2207,Cl5Sb,0.545500731792713
3523,Cl2Co2O5Sr3,0.1108654944259347
3833,CCuLiO3,0.4769417582411615
2209,CaI2,0.22957750290110124
4690,BrOSb,0.34535215241597805
4902,AsHg3ISe4,0.3888407382948626
4530,F2LiO2V,0.4647991750192478
5468,C2Li2O6V,0.6046988402225264
2275,OsSe2,0.4284296222495882
3226,Ga2Mn2S5,0.32304005151847864
5145,BrCuTe2,0.3827499986437611
462,Cl2Ti,0.32090485710351263
799,Br4Sb,0.18547923193476573
3138,N3W2,0.504503012360795
2250,AsTe,0.13929617754193052
1249,BI3,0.252976025133815
3362,Br,0.301461274336269
3866,F3PbRb,0.33505262955576276
3006,PdS2,0.4626931137270356
3720,S2Ti,0.420806437114352
4540,Li3MnP2,2.1091873530577807
4325,Bi2F7K,2.443309584843485
1833,MnS,0.4237026683394949
195,GeSe2,0.35169191892488705
1777,HgI2,0.27035698533693636
4492,Bi2Se2Te,0.3523820297263169
470,Br2Pd,0.4274027169653474
4236,Cl6HfTe4,0.3204720578404382
2463,HgTe,0.5043847843285097
4750,As2Sn2Sr,0.617325403571834
1704,AuF2,0.4087572665463115
4192,Li3S3Sb,0.5008517776951502
3079,MoO4Zn,0.8194821958457807
3642,As2Ge2Te5,0.38839057729787985
1053,Cu2Se,0.42167704833299
4963,H4Cl2O2Sr,0.6456595111537661
258,I2Os,0.29358425486081485
501,Br2Sb9,0.5370854961976973
4305,AlF3,0.36592453420687626
5134,O4WZn,0.7625916946056845
3459,NaO8Sb5,0.8116407795235714
3740,MnO2,0.3666805866663861
4598,BrHfN,0.2700241877964349
2441,BaLi,0.8596156643443068
5137,Cl3Fe,0.2783977234680418
944,BeF2,0.30414870848211967
4125,PtS2,0.4280731069183319
5162,AsCuO3,0.5919692949844281
5248,BiCdClO2,0.8417801425140063
2427,F3N,0.11738078302091172
4604,GaPS4,0.3086274030359904
4010,O4Sb2Zn,0.30121501398614847
4868,SeSiZr,0.6403670721063821
5493,Al2FeS4,0.40482321765002155
1523,ScTe3,0.3830215582403952
3341,GeS2,0.36291050142382053
456,HfSe5,0.3132035249378249
1087,AgCl2,0.37880876339132585
1788,TeTl,0.407022617033776
4743,F2NbO,0.3471853041548455
476,OSn,0.36915560163559064
2488,B2O3,0.04182980846016611
4549,H4FKO2,0.6844761812231962
496,F2Ti,0.32308998503535086
3449,BrNTi,0.2953221959061845
2864,I5P,0.5463517552832398
4738,BrOY,0.27144019749307646
3953,BaO6Sn2Tl,0.18012249605829314
3363,Ga2O3,1.8891316019254094
109,F3In,0.2706537912679164
4566,FeLiO2,3.3312612951532676
1594,IZr,0.3188314722887208
3698,F3Sb,0.49078259816424585
5222,BrFeO3Sr2,0.35319755491274707
4430,Ba2Ni3O8,0.2752429100822639
3165,PbTe,0.439014805484446
385,Br3Mn,0.33015013789040015
824,GeO,0.5125889765075055
4377,H3AlO3,0.8048286741813215
4074,H2O5Si2,0.8977203386476712
3618,OSn,0.4422681433120904
4367,O2Ti,0.246264325659925
1748,IrSe,0.533714722473586
1514,P2S5,0.32517000529296414
4395,Bi2Te3,0.3685500317858699
612,Br2Ru,0.3421753744133879
3225,O2Zn,0.5811834794167049
5946,S,0.19578714300646746
5503,InSiTe3,0.3253839520594529
1662,IrSr5,0.8596201539140272
2478,Se2Ti,0.4185583936167091
4313,CoS2,0.6709114877852046
1406,Se3Ta2,0.5997246760308306
163,F3Nb,0.3197956373496607
3999,ClCrKO3,0.3325063656506772
1559,F3Y2,0.9829862753452254
1621,B2Te3,0.3196858919342983
3584,H2CaO2,0.45989939524867385
861,AlSe,0.30173324179955835
2320,CuI2,0.31218884437118605
3925,H6CdO7P2,0.9352272414552932
1104,BeBr2,0.3074982704230522
2341,O2Tc,0.5249649054293081
305,Se2Si,0.3480258165072076
5450,ClReSe,0.332487925645315
4928,Li2NiO2,0.20308839154993794
5566,Mo2O8Tl3,0.5193603490650059
1647,I2Si,0.27472457763946484
2845,Al2Te3,0.17752467434511393
3500,I4O12Zr,0.8106552101864795
4697,AgP2Se6V,0.32692296365355017
5914,CrO2,1.5112565231675634
4853,H3O5V2,1.3351370675508778
2352,AuS2,0.311796173955585
4347,BaF12Sb2,0.25613285224459903
1025,GaI,0.3831751337858877
3438,AgN3,0.5628713731485402
249,CaF2,0.22107629470306886
3965,Bi2O9Si3,1.3164978861177095
4437,Cl8Sc5,0.3516208915450799
3396,PS3Sn,0.5671430394112396
4652,AsLiO3,0.8463750429445762
1383,F2P9,3.3686410709367203
3424,NiTaTe2,0.4241772953899831
4042,Nb2PS10Tl,0.46816473336544373
5429,HgO4Re,0.5682174946717081
32,B2O3,0.34169316573123026
5078,F6Li2V,0.14235995600974924
261,Br2Ca,0.30816604223662436
1550,CrF4,0.2592132775104286
4287,O5V2,0.3730784417821101
1610,S3Ta2,0.39749895217095405
5205,NSb,0.38128584034294716
2253,Bi4Sn3,1.0384619826113568
4633,H2O3V,0.9625052693335638
740,P2S3,0.4008280469593037
5843,Cl6FeHf,0.2692669617419599
1411,Nb2Te3,0.3789052680080569
1637,F4V,0.32913809738619565
5925,N,0.042911749151499694
4372,Br2CuO2Sr2,0.34693716386752793
508,FTi,0.36175551793099436
2607,Cl2Sr,0.25979216875209304
901,S2V,0.4811375519886398
4195,H4O6P2Sr,0.5720593629085897
3637,HISr,0.30630584996945887
503,AuCl,0.37391881464412535
477,Br2Tc,0.3382081673249252
1254,F2Sc,0.45567804950166785
505,Se2Tc,0.3758104519849297
4731,MoO13P4,0.3250462322832451
4518,CaCr4O9,1.0536817046400513
1404,In2S5,0.44613015998587646
4301,CaGe2O6W,0.27010133977350775
3204,INa,0.1813956400026219
3745,InSe,0.42017770462466547
5898,BiFO,0.737349747728927
5289,HgO3V,0.7405993721520754
1618,Bi2Pt,0.869024096266571
4507,CaO5Sb2,0.5570451131660586
140,Ca5Y,1.0187747941766803
4823,CuO2,0.46586151822772703
3291,Ge2S5Tl2,0.5280929795240054
5018,B10Bi6O21,0.9081493226396125
1706,Cl3Ta,0.3430039289468291
19,Al2S5,0.3617774603664932
1573,AuTe,0.39729988416651124
1482,SnTe2,0.49227731395419616
5172,BiF5,0.3179470393730462
838,ClO3,0.137000903233683
4869,HAlO2,1.3620720600616292
684,F3Rh,0.2914748624362544
3817,I2O5,0.6702661840125257
2513,In2S3,0.9088018887705679
2717,Br3Sb,0.30626487624546744
5254,Li2O4S,1.3176713225133079
5420,CoCu2O7Sr2,0.35829023135324733
5554,Pt2S3Tl,0.46508986478231384
3436,As,0.4976402398503169
3575,Cu2O4S,0.5179276158384085
634,Cl3Sb,0.23704625791899084
3846,AgF12Sb2,0.27617181349578573
5901,LiO12P4Sb,1.1992229009629243
3179,Cl2CuO4Pb2,0.8847492247967095
3402,Ge2Zr,2.7044841688482926
3959,O4PbW,0.9053982867187843
4117,F4V,0.2531311602621671
4087,Ga2Te3,0.0676122690179077
2664,Br2Ca,0.2197767540372735
906,ClIn,0.2794184559932832
3838,InS2Tl,0.36283918669674275
369,BTe,0.32480567269743604
5909,I6SSn4,0.2924823233557067
1930,BSe,0.3000792885655316
5210,F5Ta,0.328977771465108
14,F2Mo,0.37186068141492123
3673,Bi9I2,0.5796013131977336
514,As2Pt,1.1657398628228735
2494,F2Sr,1.2021237520545642
715,F3Ru,0.31163060270752396
3758,AlO2,1.4170292808695215
173,P2Te3,0.19286343887979843
4175,FLi2O2V,2.475040660284112
237,AgTe,0.38620701028158233
200,RhSe2,0.8557564679456915
4807,HFeO2,1.0940550400149511
5704,I3Y,0.24240820994107024
2168,AuSe2,0.23358996361555398
5787,Ge2Se5Tl2,0.5192840441338713
5697,BrClSn,0.3023773343805702
3479,Bi2O5Te,0.6514274743517993
191,ClSe,0.3111967368142345
3539,I3Sb,0.25787687290257505
3261,C12Li,0.49983611265457856
4438,O8W3,0.062345884279785824
5559,ClLiO2,0.3652450953324613
5877,ClMo3O8Se2,0.19502488392724684
4237,CBrY,0.2501625162431171
4538,CaO8Sb4,0.5861555240376726
1192,I4Ta,0.3823265094840019
4239,BrCuO2,0.27919861401813695
1956,F8Nb3,0.2796013985917965
4867,O8VW2,0.3488034346144813
983,As3Pb,0.8046659119062456
3658,OPb,0.33192835726595604
3532,Al2MgS4,0.23577042548334684
1592,Te5Tl2,0.38389188848360434
4327,BaCo4O8,0.257396757957668
4547,ClHfN,0.2982065695722201
3151,GeSe3Tl2,0.42120413547592866
4115,HfO3Sn,0.23507699899769938
349,Cl2Ti,0.32117198718287626
1441,AsF4,0.26591985922558536
4450,Bi2STe2,0.5062005187588461
2865,FLi2,1.805685480800375
3947,Cu2F5Li,0.24874422789853554
1470,F8Tc3,0.19137308659391786
5360,H2CdO2,0.40544780527875385
3620,Br2Mo2S,0.25801042989608675
3765,Cl3Ir,0.29310148748593245
3139,MoS2,0.41471910138943274
4677,Bi7NbO13,3.1368412914994983
5313,I4InLiO12,0.7016576076616194
3052,Br2MgO6,0.4176003755392185
3743,GeMgMn,1.8973671678802897
5749,I2Pd,0.4216219400141459
2531,BiSe,0.09508695476145078
460,As3Ga,0.7388330405178907
119,F3Tl,0.34772227184001087
1343,Ca2Ir,0.9102043414670183
1904,I3V,0.2993378992429118
658,S5Tl2,0.44642257831059357
963,I2Pd,0.45626802394844534
3766,Cl2Mn3O8Sr4,0.4877870350454525
5318,BiBr3,0.23131161621856444
4596,BrMnSbSe2,0.7859370456737177
815,NbTe3,0.42088660208603845
4246,IOY,0.2939743072139712
4570,Cu2O7V2,1.6180771443678197
5938,In,0.9642940204906203
5459,I7SeTa3,0.349440971473859
3659,Nb2Se3,0.6468774111757867
2319,GeO2,3.5021056292550594
3883,H4BLi,0.26554864552276514
5138,F8Li2Mn3,0.2559956002964354
339,Br2Y,0.32643084342754825
1386,I3Y2,0.2857335084837853
3760,As2O3,0.3396364859472983
857,Ca2Sb,1.2195664114152533
4792,B2Hg3O6,0.5373354313512699
3491,ITe,0.3085505900500266
1606,TaTe3,0.42911110472382136
624,NbTe3,0.4406548835210921
3126,In2Te3,0.43586374868769595
4136,Ba2CuO6Tl2,5.8535349311749085
5341,MnO4Te,1.147183599547582
4387,Mg2O8Sn3,1.1983572474469562
641,Te2V,0.43235520908138286
329,F2Sb9,0.6244938949629851
5838,AsHg3S3Sb,0.6136992828080459
1816,PtSb2,0.8543557746745483
982,AuCl2,0.375994430746445
846,Cl3Sb,0.2774005373570088
4235,S3Ti,0.40499408086700783
3238,HfSiTe,0.45016970566445563
4904,O2W,0.22192241870365925
4257,O8Ta2W,0.37941124878787186
720,TeTl,0.35542220667838825
1898,NiS,0.4762574070766851
3753,C2I7Y6,0.314713948104937
3399,AsCoLi,1.0947110921147352
342,ClGa,0.2853524536056691
802,Br2O5,0.36582909445552986
3415,PdSe2,0.47681884515910644
4526,Br2OV,0.3079977655094773
5797,AgF7Ru,0.289218921333074
1458,IrMg5,1.4217780214238005
5500,CuO3Si,0.5293029463629613
2156,N4Sn3,0.37565609712364123
2153,CrTe,0.3882437506548432
3109,Se,0.42035516641410847
4669,Cu3F5O,0.9500456902749155
3434,SiTeZr,0.4497474029190382
4586,Cl8Hg2PdRb2,0.5652336485382191
3073,SnZr,0.6476998387388939
2698,B2Se3,0.5538867265465577
2981,GaN,0.2389821964156424
4837,H2O7Ti3,0.9251223588223437
136,CdF2,0.7983114277526558
5621,AlI4In,0.2545434530848671
5472,H5W,0.565849432294226
26,Al4O3,2.806628993320672
3495,AuSe,0.4713686696256377
3237,Ga2S5Zn2,0.323944895949767
4500,Se3Ta,0.3873460022327951
4682,Co3FeO8,0.3768587827613683
2690,F2Mg,0.4009774264703307
4190,Ni2SeTaTe,0.36384358142485285
3131,F3Sc,0.8590882405006326
5961,Ge,0.674828170575731
5362,O12Te4V,0.8115412577942634
5431,SZn,0.42347421230693144
1709,Br2Mg,0.2348236136975587
3378,Br2CoO2Sr2,0.3999039358593601
5543,As2K2Pd,0.6726219938340157
1586,Ga4Se3,0.6969712492142877
1937,BrP4,0.5279509427627237
259,BiCl3,0.22213705054458585
4668,F3LiMn,0.2922665615656836
1590,AlBr3,0.26991947202606
6348,PtSe,0.6816267451570218
3873,HO4PSn,0.7657759703290764
3040,LiMg2,1.1347264862372668
4986,AsISe,0.3234716793400818
4644,F7LiOV2,0.6310965003883716
5099,O9Ti3V2,0.5935475570694767
5230,BiClMnS2,1.0550440348504746
4141,O4PSb,0.9053158118812357
2900,O2Sn,1.00600584269625
3032,P,0.27685037633885895
3922,AuNaO8S2,0.8592726825736312
5291,C2H3KO3,0.24241806061992427
760,As3Si,0.8727105629257067
4149,Li2O8P2V,4.335760718380628
130,AlTe,0.25928858482517225
5803,Br2Mo,0.3122241688189672
4324,CCuN2,0.5301898074104332
1826,BiI3,0.12699438889124776
1615,GaP5,0.4732596707770323
3829,Bi5O9Sr,0.35287944396352094
4794,BiBrCdS2,0.9387276865160926
5365,F7Mn2,0.17116695837102971
630,Br2Os,0.3606639469160372
1676,AuBa,0.5256669035766734
4565,AuBr,0.3111588632903662
4218,O3RbReS,0.37201682526028895
4839,Hg3O5Se4,0.4278538576206307
1332,Bi3Si,0.6770407946449355
5320,AgCuTe2,0.4475878048907777
1242,I2Sr,0.32924078801139023
5152,CoF4,0.1976758528369965
2413,BiHg3,0.7924667103324027
502,I2Ir,0.40663016579234257
344,Cl5Y2,0.3371226376202841
3689,CuSbSe2,0.7598706449496453
4568,C2FeO6,0.2671548278634461
5931,Se,0.3393348445688819
3790,SeTa2,0.4926457310365951
1589,BrTl,0.374773374532728
3914,AgBrHgS,0.6774459363843401
1631,Cl10Y7,0.3520773207770068
4616,FTl,0.3020707670340814
3944,BiCdClS2,0.9244797317454575
318,In2Ru,1.3721774890558451
5326,FeLiO4P,0.7352333883182387
4251,Ba2CuO6Tl2,5.792353732125209
2329,I2Pt,0.3227648419242299
791,P2Te3,0.40433785481984036
1626,F3In,0.8710681194363632
5211,CrO3,0.26680576985245436
464,Br2Sr,0.44623793386369254
1729,BiI4,0.1736272351295667
3632,Br2Fe2O5Sr3,0.348034488065907
2295,Cl2Sn,0.5804725683522697
3907,INZr,0.31305388555391417
936,Ba2Bi,0.510257767247882
2825,Au18S11,0.743486634596381
1737,FeGe2,2.3489067811275253
3534,FeGa2S4,0.32217171678439177
4440,O8Sb4Zn,0.6826456086772393
973,I2Sr,0.20666038429911804
5848,Li2MoO8P2,4.087231404285371
3847,BrCrO,0.2943431597886821
5964,F,0.30172666038321194
2545,AuCl2,0.3743056793350541
1753,SnTe,0.26124516319176794
1206,Be2Co,3.1963409696493414
3972,Bi2PbSe4,0.39215913827591425
1541,Br2Zr,0.297811561270439
746,As2Se3,0.4057716496931649
5217,MgO2Sn,0.3322720118235685
1557,I2Y,0.3361768930369348
4475,Br3Y,0.2260270360044517
5924,In,1.0454209759563586
5333,H2CdO4Se,0.2873033263144647
4834,O8Ta2Te,0.38176104360750585
3990,Fe2Ga2S5,0.35435977545584285
3579,BiITe,0.296924387949647
5328,Ba2Hg,0.6927379095614825
5273,Ge2MgO6W,0.2614824497530961
2298,CBr4,1.1058920995633703
487,Si2Ti,3.524492072980844
3101,ClNa2,0.15438427825800777
979,Br4Ta,0.33555467709418596
3426,O9SZr3,0.20612222136933628
2376,HfSe2,0.45675038079611224
3581,HCaI,0.2890823769941364
5462,Cl2CoO8,0.16948866472023136
5292,O9V4,0.5346755896263848
5591,Al2O11Si4,0.24326376106388117
4495,Li2NbO8P2,2.848574801742982
3588,Cl2NSc2,0.3415211009967723
4632,Li4O12Te3V,2.990082385019197
2728,AsCl5,0.791142398027631
713,CoI3,0.2979797503143607
872,As2Ni,0.8098785214919487
1822,InSb3,0.7576271319002165
4647,H2CaO2,0.29571017328772586
5046,CoMn3O8,0.37986171674079605
3587,AgInP2Se6,0.33370986362167043
3466,CCl2Sc2,0.18453131938858303
220,BiCl3,0.3136780443603741
11,Cl4Ta,0.3254523725199771
5312,ClOSc,0.32912409455766195
707,CoF3,0.20223678500385928
3342,Al2S4Zn,0.7016998792423081
5307,MnS4Sb2,1.026278891919471
5093,Cr2GaO7Sr2,0.23672390030141538
4795,O10RbV4,0.7051572542252726
3390,CoTe2,0.698771885584039
2596,O7Zr2,1.1144783270811132
911,Pb4Pd,0.6273420991892856
5216,O6V2Zn,1.235043102732668
5374,Ba2BrInO3,0.4492780600123805
5437,CaI4Pb,0.2155984214277725
5337,Br7STa3,0.3495958532294802
3754,Br7Nb3S,0.3480252874486729
935,Br3Nb,0.33649483423787013
573,Ga2S5,0.3321983224326717
148,PbSe,0.37973224657338767
4404,BiO3Sb,0.9533083304244667
5097,O7Ti2,0.166619771677775
2123,CrN2,0.2566285349507427
5683,TaTe2,0.4699161429403804
2385,CdS,0.5172594880150999
3978,Ag2O5Zn2,0.6789898817047925
4140,F4LiV,0.6082320652515947
3657,INb2Te6,0.3698517325627381
3622,Cl2OOs,0.3192816043294819
3180,Al2S5Zn2,0.3256240197397715
4383,H2LiO2P,0.1987186624765608
1264,I4V,0.529801590402535
5049,NbO5P,0.920039758127724
561,BiSi,0.3784110074225855
3826,Br4InNa,0.28943839772460633
4767,Mo3O8,0.19746896524083254
4901,P2Si,0.3383840500044542
4481,BiO2,0.1670429522004953
2035,BaBr2,0.5140544848986193
4065,AsCoS,0.5102544589547173
3628,AsGeSe,0.34566253404803143
5639,MgO4Sb2,0.5743984159287363
5619,MoTe2,0.37724513895101885
3380,HfSe3,0.2979112779015662
2522,As4Pb3,0.5656850742737488
5010,Cr3Li2O6,2.263225546250979
755,I2Y,0.28445000498944406
1624,Ru4S5,0.01522237518698013
4228,K5NO4,0.0236497595603251
2185,As2O3,0.3424351308918841
2358,O7Tc2,0.40925020376589577
4118,F2OTi,0.47954525661542735
63,Br2Nb,0.3234538140944739
1711,Br3Sb,0.2395010442734666
5507,Br3CaIn,0.4416305444922628
1724,CuTe2,1.038750079146129
2304,N2W,0.9488224139583111
4221,MgO8Sb4,0.4831941419900742
2731,AsI5,0.6440518498613382
2382,Cl2Pb,0.6836139478872548
3128,CrSe2,0.5249456758044612
65,Br2Ge,0.2621064939350397
3000,Ga2S5Zn2,0.7364360807739913
4056,MgPSe3,0.3130721454544057
277,PdTe,0.8716787376415537
2560,I2Sr,0.21602666067079562
1390,PdSb2,0.49902724917270447
3811,MoO6TeZn,0.512488965045072
5370,H4BaO3,0.6442811735333883
3310,CaIn2N2,2.4730076357100272
3134,MgTi,2.0939199763999286
4158,Cl2Mo,0.2940194190132363
1102,CuI2,0.253696851069819
5290,F5Li5NiO,0.8072188365744895
4171,O4PSb,0.6043268388620703
3260,BrHgS,0.23408028580573728
2398,BaCl2,0.6404385491217853
5763,Ca2MgO7Si2,1.9302632725596023
2621,Se2Zr,0.6670240741508587
958,IrS,0.5404344907380433
532,Br3Sc2,0.3152260087992068
4037,BiCuO2,0.6600506300786142
1596,ISe,0.3126834575596454
2050,BiCl3,0.8836585099962129
1443,F4Si,0.309392331256649
3971,Ba2O7Ti3,0.1387950265507556
262,ClCu,0.2987240010436403
3802,C6FeN6Sn2,0.4966784925624065
5747,AgCrP2S6,0.3291606177725194
4739,AgNO3,0.45945168380730433
104,I3Tc,0.2706510671122103
1533,As2S3,0.42982190252271835
4413,HfSe2,0.3555238505962565
5757,HLiO4S,0.6272700830541914
3042,PtTe,0.6804028388289116
3834,NbNiTe2,0.41679923472518704
3187,IY,0.2896685288128052
3481,Ag2FIO,0.6422805569903779
3681,I2Ni,0.2875439135685221
1801,Cl3P,0.2392451571472684
5709,F6LiW,0.244244962664818
3096,Cu2Se4W,0.3626677988716782
4187,F4Fe,1.093111222540257
3897,H4INaO2,0.43067295077811485
1862,F4Nb,0.36839340421082006
89,BeCl2,0.3152504131508226
5751,H4CaCl2O2,0.46921233997139417
4917,SeZn,0.3250154205700019
3510,F3Tl,0.8007004187075127
3678,CuInP2Se6,0.3341365433754873
438,O3Sb2,0.4689301602856775
826,Se3V2,0.45550539732126005
1408,CP,0.3465171458987044
4232,FeI2,0.28308174090381266
358,In2Se5,0.3388989615548287
1500,Cl3Tc,0.25861025055672815
4613,Bi2O6Ti,1.40644218528188
6347,PtS,0.6756012658990156
4663,AsBrHg3Se4,0.40836641102759147
2645,Br2Ni,0.32216492230995525
5044,CoLi2O7P2,0.8590658283974202
2331,Br5Ta2,0.09023508057769712
4958,ClO3SbTe,0.6833334174756549
3985,H2O7Ti3,0.6063446096103836
3191,MgY,1.5150884063455923
5397,Cl2Co2O3Te,0.8227652202782628
4275,BrHfN,0.3065809499785132
3202,CaMg,1.21974660844966
3184,Al2MnS4,0.5327400143343083
1431,BiSi,0.34992295118834277
5575,FLiMn5O5,5.7326797204377336
5735,Cu2F7Li2,0.9170282496900413
2136,SeSi,0.3319008142511623
5349,Bi2GaO7Sr2,0.4363563979260036
3617,BiI3,0.24500017642157942
1902,Se3Ta,0.42701471432227234
4369,H2Mg2O3,0.4543796124381821
3783,AgI,0.12216187602244205
2487,AsCr,1.1342754486595041
4399,NiPS3,0.3374575978997021
3819,Br2Ca3Cu2O4,0.31502828900665963
1479,Cl2Pb,0.2779144151718091
3931,H2MnO2,0.41344624711423233
2684,BeI2,0.2765522660941551
4937,CoI2,0.31628310138257487
4062,F4Ru,0.3167520214838021
4422,CuI2O6,0.6395234503263749
3988,ClRe3Se4,0.3865304938603946
2111,Br4Zr,0.0022603628729318892
1697,F4Os,0.3506921416206436
5775,F5FeZn,0.6923405612920339
3680,Cl6NaTa,0.2952795981035621
1492,Br5Nb,0.5041032819306364
665,AlAs3,0.8999144122274413
969,Bi3Tl,0.7051228865062952
1677,FGa,0.3282054199922289
1295,HGe3,0.25254874313280873
723,GeP,0.39309697360669205
3339,Al2S5Zn2,0.9191226726992097
485,Cl2Sr,0.20419474712473823
5633,LiO12P4Sb,0.62736113194878
241,BiF3,0.756012679176511
521,PtSb2,0.8371119132907546
5194,F6LiV,0.49709871405499395
4382,I2N2S,0.27368647157436815
2115,IK2,0.4192941311798386
2896,BaK,1.0409153814894823
5,I2Ru,0.2948487346453586
3381,HfMg6O7Rb,0.3449580706426587
950,CuS,0.6410190853669406
4703,I,0.2868999739695297
546,I2Zn,0.2548799878673257
2626,B2S3,0.006565006775400726
4432,Ba2Mn3O7,0.08823829277668153
1640,F3P,0.18092618014997813
451,P2Se5,0.3620089311679119
622,SiTe,0.2288297816143514
4765,Cl3GeIn,0.29133362873396035
3468,CdO4W,1.0782333176096977
2941,InTe,0.4045697910580079
458,SeTl,0.6923800116154392
1261,RuSe,0.3932560985274737
5928,S,0.40660072526632157
411,P2Se3,0.4086696785511414
5602,Cr4Li2O13,0.22790334802334128
781,Br3Os,0.30594572885515825
5136,In2S4Zn,0.18816681982896943
3998,Cl2Mg,0.23746242672967696
1487,CoF2,0.33752940114899893
5423,B2Bi2O7,1.1242017441467442
3682,O8Pb3V2,0.6959640561262781
3973,HgINO3,0.2705480341361636
5106,Co3CrO8,0.3504412734860345
5532,MgNaSb,2.1173986542178094
5889,AsCaMoO5,0.24517127759567656
2113,AuBr2,0.3786138473002569
3519,GaSe,0.22306496388778718
4484,Cl2OV,0.301732692083501
421,GeSb,0.4257313914262887
693,HSn,0.21550698346997785
896,Ga2Te,0.732835921449207
2174,Br2Mg,0.09307345008940393
1391,Ca2Rh,0.8895712479760992
507,InS,0.33486270570252813
5207,AgClO2,0.4715984115534848
1598,F4Nb,0.3011192918312684
2022,P4Si3,1.2135750279076845
2873,F2Mg,0.626272528808018
5784,CaO2Sn,0.25071605997488583
21,Li2O,0.213468140671257
4260,Li4NiO18P6,0.9430315305604505
1345,I8Ta3,0.31770173494345366
2737,MoTe,0.3771091973370024
5267,O8TeW2,2.9561761348432727
4373,H2CoO2,0.5819460479812225
4885,CrO3SSr2,0.7718898028173009
592,I2Mo,0.3289630876863972
299,I3Ir,0.2850439285146428
2175,IRb2,0.3384878309774616
4658,H2ClHgN,0.6413984416853261
1993,Cl3Os,0.310821225540011
2148,Ge3Sb4,1.1743342297339892
4534,Br7FeTe,0.2813002875549086
1037,Cl8Tc3,0.32963312719236554
2949,AsBa2,0.4272160456632719
670,BiCa2,1.131509229453955
1655,I3Re,0.2617505351807166
4172,BrNZr,0.29071732362047475
4167,O2Pt,0.4487487845877421
1364,AlSb5,0.7026529408972568
1502,ISe,0.31315018298859887
3060,H2LiN,0.2991684546338175
227,F3Ir,0.2911848258331779
1086,AsI3,0.2859181823289311
540,SeTl,0.3324818112788598
649,Cl2Sn,0.2574721494503782
4713,HAlO2,1.0377752015132327
3538,Cl3V,0.30455236966664834
5368,F3Mn,0.2087002292133684
1313,Sb3Sn,0.8166530064066794
1795,P3Tl,0.8829230152762179
4143,O7Re2,0.42753921561770425
5206,I3Sb,0.2777362400348305
3130,MgSn,0.7982161236347426
5485,I7Ta3Te,0.327119565960326
5075,AgF2,0.6547969313409873
1968,F3V,0.24535851004355655
2236,BrK2,0.43765993258494973
5555,Ni2TaTe2,0.3750490994239431
3035,Cl2CoO6,0.2824360826416099
3441,AuF4Li,0.49076397598225047
5351,FOV,0.7255281554782469
545,S3Ta2,0.9262462013494623
353,Br4Ge,0.41332828511105524
2527,BeBr2,0.29054257857464
5174,C2MnO6,0.23327309205952773
5577,BiLi3S3,0.8636201015243462
5231,Cu2O7SnSr2,0.3746343337795845
4994,Al2O3,1.9745945726696186
4242,As2Te3,0.4481172108591572
168,BrSb4,0.5410749009855135
4449,Co2CrO6,0.1435444500178741
280,HPb,0.20857039141874084
175,Br2Zr,0.3592703355454575
4370,AgAuCl4,0.3073649327074317
5949,Sb,1.0664032931697098
4536,O9Sb4Zn,1.955208700014
4210,F7KO4Re2,0.3145801881150359
4040,H16Mg3O16P2,0.7832299331958993
4256,CAgNS,0.40048032005318185
5357,LiNiP2S6,0.34325373757144745
4630,Bi2O9SrTa2,0.4866810179187078
4755,LiO4SiV,0.7949731812257824
5166,NiO8W2,0.3060629398129625
1796,F5Tc2,0.5944399017453119
3063,O8Re2Zn,0.41915438304159486
5146,MnO8Re2,0.3673748460761665
787,AlTe,0.2783039496245891
4419,CaN2Sn2,0.2750438187894444
4563,GeTe,0.20096333398219418
3457,C2O4Pb,0.685464968905215
4935,F3NbO,0.17736380247831884
5117,MgN2Sn2,0.35396585479536363
4316,BiO2,0.6337120836894922
4277,CaCl2O4,0.3877347217292901
678,CuHf,3.3246753152800617
1414,Ag2Se,0.4415676541392413
4447,Cl2MgO,0.23902321863113227
159,P2S3,0.39852197444168524
2505,AlCl3,0.31566429138600866
5770,STl2,0.3618548566731791
5504,Ni3O8Zn2,1.5864387872505585
4157,CdClS2Sb,0.8798003646621305
3886,Ba2O4Ti,0.07520954559194865
4914,CrF2O2,0.27321787161625877
245,Ba5Co,0.849888383003118
44,I2Ti,0.3214911296857876
4279,CAgNO,0.6166259613363633
4161,I2PdTe,0.3302191976026926
1251,OsS,0.44948484139392914
2636,F3Sb,0.4079034019275579
3586,Cl3NY2,0.3427450932724815
4494,H4O8V3,0.5304912253604115
3192,S2Sn,0.3314966893369215
1280,ClP4,1.9027455015802268
3369,Mg2Rh,1.1485401767095467
756,NbS3,0.446260286517062
3858,ORb2,0.1652288172856795
4866,H8B2Zn,0.3036998994719445
1027,Cl3Hf,0.2745725215051984
275,SSi,0.5195792214277067
1381,S3W,0.43929330181668197
4464,I2O5Sb4,0.5983958299728133
5350,I3NbTe,0.3065991434562693
4182,Hg2O4W,0.6366311408036778
3227,PS3V,0.3708850583548477
978,Pb3Pt,0.878505186279198
2682,AgF2,0.41483693963078655
3360,CuF2,0.6820256152695043
4509,Hg2O4Si,0.8869523459254197
4803,S5V2,0.31731844014780997
2618,I2Mg,0.2524014053954831
3939,Te4TiZr,0.41998047492495527
5828,F8Fe3Li2,0.36230668391018345
4077,Ba2Ni3O7,0.3662510582520884
4916,F3OV,0.2083725990473674
736,F2Rh,0.42311479762885357
3875,BiIO3Te,0.3426198993572762
2430,AsS,0.008041457958318388
5391,IOY,0.28632434024426495
2435,S2Zr,1.0237862043947217
396,MoS3,0.43877366735931694
847,Cl3P,0.27902220349186607
1388,PdTe,0.5281198038895076
5296,Nb2O8TaZn2,1.4425119263551998
3963,Cu2Fe4S7,0.3766785395189398
984,Br3Sb,0.24917765251363821
2433,Cl2Sr,0.5111569654184545
2638,In2S3,0.07601878791505277
5331,O3Pb2,0.6908635733374264
4874,Ag2O4S,0.7878021815535997
5542,Br9Nb2Rb3,0.9879848537201111
1612,AgTi,1.7216136206990784
5121,ClFSn,0.4984921672448643
2366,Cd3P,1.029583760077722
4855,BrInS4Sb2,0.4988772864243943
5730,PtTaTe5,0.2693049678048092
5642,HAuO2,1.1836687171932658
4956,H4O3Sr,0.6009940245804728
4824,FeLiO4P,1.5876911827091051
1297,Ge4Pd,0.9160629511393148
5279,I7OY3,0.23037529592822117
1400,AuTe,0.5496960840833245
3723,Cl2Mg,0.2660313189679191
4147,FO3Tc,0.2969832385871217
837,ITi,0.3406968912446224
133,NiSb2,0.8119286611686771
2443,AgHg3,0.8096826755925947
5019,Cl7FeTe,0.27683526757691285
1625,HgMg2,1.4368680326423555
5492,GeP3,1.0576384483791754
1435,Au2S,0.3851191650910315
535,ClSb4,0.5320096253974693
3880,Co2MnO6,2.5841495801808416
3801,CuGe4Zr2,2.748447061612786
1670,F7Re2,0.8241069555068267
1498,SeTl,0.6897270087175352
1620,GaSe,0.3023904729512427
297,Br2Ni,0.45636658200920466
272,PSi,0.34915697630464315
3062,PbSe,0.46865453069402274
753,BeI2,0.2710392665557145
2450,F4Ge,0.19138940232003426
1964,NiSn3,0.9464373872286022
5016,CdCl2,0.25872332278719784
2388,As2O3,0.40343965266142917
529,P2Se3,0.3521324776738976
3501,O5PV,0.41383488015700254
5849,IN2O6,0.21037124380438033
3810,PS3Zn,0.3393924409157937
3602,O3Pb2,1.047237374548341
510,GeI4,0.5192415604427226
1509,NbSe3,0.5377997242878934
2189,O3Sn2,0.3736905587238588
4952,Br2Co,0.30421240160017105
4145,CoFeO4,0.3512391759728386
4001,HCdClO,0.7173445476236001
4116,CrNb2O8,0.3992577149101492
5647,C2H3NaO5,1.0617903988691522
2992,H2O3Ti2,0.4655017327786247
1440,Al2S5,0.32235212422715076
1469,F2Zr,0.3314123069452613
90,Br3Zr,0.26224823153799315
3692,KPSe6,0.38117311966516865
5186,H2Li2Pt,0.8793757839447588
4457,H2O5Si2,0.2827844925520264
3361,AuN2,0.458771916312808
4048,H2O5Si2,0.18156745849312753
6350,PtSe,0.6553726352866384
1728,NSi,0.4217795021050637
4452,Mo3O8,0.3375107033117303
2665,Pd3Se4,0.47455661878721206
1428,IS,0.29622440602048644
5295,MgS5V2,0.7537679953656332
474,F3Sb,0.5287294957808173
5275,MnSe,0.40753040835505705
718,AlSb,0.36369272277146575
3924,CaCr2F12,0.23820286453444833
1348,Te3V2,0.533006844371774
1680,PdSb2,0.8955163254469124
1730,Cl8Y5,0.39139452879518816
5549,H10Na2O5S,0.9316942636334924
5280,Pt2Te3Tl,0.4907914701473249
525,O3P2,0.2848886869736198
2627,B2Se3,0.1811614273534692
3400,CuF6Ti,0.6193426071192354
1903,BP3,0.5439219802723435
552,Se3Ta,0.38651889752537455
244,Br2Pt,0.42316705350193784
4754,MoO8W2,0.37716152870348224
1954,Sb2Se5,0.3516741540029232
1531,AlF3,0.5343126283020251
1701,F2Zr,0.34070486528076005
4955,CrGeTe3,0.3456727356296074
4108,CaO9Ti4,1.0329955974359204
1168,F3Ta,0.32444099587198283
1746,Sn2Zr,2.026473918430184
4758,O4Sb2Zn,0.5507467497530472
5068,F3OSb,0.19045018245291956
4763,F5Sb,0.20719196087881386
5499,BaO8Sb4,0.6667089636433687
3631,AsO2,0.9128966671530911
5613,O5Ta2,0.5148258422960825
2191,Cl5V2,0.09955278818652492
3789,H4CdO4P2,0.27100298120346206
33,GaSb3,0.6599099675322816
5595,Bi2BrInSe4,0.4510370140256288
4240,GeS3Sn,0.3899077385229243
5228,CuITe2,0.3688152298963532
4702,Cl2Zn,0.277018772503881
1576,Te5Tl2,0.39521080731923264
5364,GeTeZr,0.48055355770695307
1661,I3Y,0.2906267741226418
5050,MoO3,0.5086499057605435
5926,Ga,1.2416445134384875
639,F2Sn,0.7683817465787204
4695,C4N4NiTl2,0.5014059278412131
5051,Co2NiO6,0.656222893876361
5107,HO2Sc,1.1779597542363776
4338,F11OV3,0.2128709937668983
1657,MnSe2,0.2803663847447636
5178,Pt2Se3Tl,0.4707324822264556
5822,CaMnSn,1.1342703539368555
2504,CrN,0.6771112520467711
3718,Ca2N,1.1186601675521413
1656,I3Ti,0.48899728274752297
930,Cl2Tc,0.34097046076433485
3597,GaS,0.22226871087133637
5366,CdGaInS4,0.30358853566088334
3268,NSr2,0.8989184391470157
4397,MgO4Sn2,0.2242825280465128
3503,LiO5V2,0.8931539505092633
2801,PW,2.7017805693157193
4733,As2Ge4Te7,0.46156759539361547
1763,F3Ge,0.3234151822515886
3707,Cl3MoN,0.23431118677688365
4624,AgClO2,0.3125406382599743
212,Cl2Ru,0.35501659255765533
4346,O3SnTi,0.23523472246811197
2542,AsCl4,0.21202741254130725
578,I3Sc,0.25428830920530526
1503,Te3V2,0.43358655529139384
3256,Ag2O4Se,0.8006177049199257
1725,SeTc,0.4260475907494405
4086,STl2,0.3582570818639988
5133,F5Mo,0.20959232024929256
591,NbSe2,0.4662806227946435
558,ZnZr,2.6000730785406585
4289,CuLiO9P3,0.8556925347245011
5118,BrOV,0.28409658863369064
1315,CuTe,0.47786492810995473
4293,BrCdS2Sb,0.8345859866280454
16,Br2Hf,0.30199306735808346
4875,FLiO3S,0.28847842961377423
3975,Bi2O5Ti,0.9793208542629807
3572,S3Sb2,0.5233082834458992
1459,ClTl,0.34867942771118715
5498,NiS2,0.31862861590964847
156,AuCa,0.735804617456304
215,Br2Rh,0.3652462803996536
4600,FeO3SSr2,0.7572640964668395
5779,H4AlO8Se2,0.7224945191210547
4198,BN,0.3589118665959723
3662,NaO2S,0.36284633885153167
4514,Mo2O8Zr,0.46494356557387084
5252,F2O2W,0.05626754042975066
3712,CaMnSi,1.0774803159861297
5651,CuI2O6,1.1687840369602331
3612,CrI2,0.2734770519943354
3286,AgNiSe2,1.6258395367059333
842,BrIn,0.2832119281630864
3601,HGaO2,1.656045816949814
4170,Fe4MgO9,0.9212053900373204
2364,Cu2S,0.25542865170709944
5755,IO2,0.5903905868119144
1679,Se3Y,0.38970516804160754
1991,I3Sb,0.2517590031755805
4109,CoLi4O8P2,0.8262391910666167
702,Mo3Se4,0.392434240117762
1636,Cl2Cr,0.2794028065256328
4893,CuO,0.4742326383657198
782,Cl2Sc,0.3070227358312905
3853,Cu2Fe4S7,0.4745499763876099
4496,AsAuO3,0.46929242303547547
3345,Sb,0.5304243491408979
4550,Bi2CuO6Sr2,0.47359236142863614
2969,Mg2Sb,1.2619186388009564
2190,SeSn,0.37158708973390275
3303,CoGe2Y,2.713439857015568
5516,CaGaN,2.535183501636034
3763,AlO2,1.4484383416993936
4031,H3O9P3Sb2,0.6309026365419195
1496,MoTe3,0.3941402529469708
3797,H4CaO4P2,0.2695376356580758
5711,CrLi2O8P2,4.646098749918204
2303,BeCl2,0.13567060567560713
4527,Cl2O4Sr,0.359308357133088
5311,BrOZr,0.2601983587200169
4089,F3PbRb,0.06062440863620196
5233,Bi2CuO4,1.9820071126480014
1805,F4N,0.7596558063450529
3645,Te2Ti,0.4276155535991634
1042,CdMg2,1.5390385249196237
2470,ClK2,0.4603993698927676
5741,AuITe,0.30639440217033426
5810,AgP2ScSe6,0.3250795981035923
4005,CrCu2O7Sr2,0.36900758210311196
5726,Cr2O5,0.16259620876251274
3472,AgF12Ta2,0.2682214368497775
5883,HfSe8Te3,0.655371695702635
217,S2Ti3,0.5234454742640364
129,F3Mo,0.27031252937199507
3876,HFeO2,0.997836555478768
1355,F3Tc,0.2740433915799714
2454,O3P2,0.2709515386875811
3594,As2GeTe4,0.47095559279722254
5818,FMnO,1.040093818911257
4698,Ag2MgO4,2.833416593227725
5000,MnO3SSr2,0.7884492224223311
2602,AsTe,0.030097636627997356
3598,I2OTa,0.2913267624548295
2471,As2O3,0.2857590460673746
5724,Cl12OsTe2,0.2711549416960991
4487,Cl3InPb,0.4705197491436303
618,Bi2S3,0.3330889517892858
3674,GeNb2Te4,0.3465594811577235
539,I2Zn,0.2718190146155644
4631,MgMn4O9,0.7976633241562228
4704,Se2Sn,0.3393382208877238
4339,FeS2,0.5559718101915204
3199,PbS,0.34890439635310094
1989,BiCl3,0.22550190513033067
5629,H3I3N2,0.6665079944413781
3729,Bi2GeTe4,0.36079654261565575
4645,BaBr11Y3,0.5329107135584773
4359,Ba2Cr3O8,0.14190583923037037
5076,Mn2O5Zn,1.1557778141065527
2530,RuSe2,0.4403276827591521
518,Cl2Pd,0.29728927378029135
3224,HNaO5Ti2,0.32545185233578505
4923,H2Mg4O5,0.5794778028122841
3889,ClFeO,0.2743764549915917
4131,Bi2Pb2Se5,0.36061935505518894
3313,C2CaN2S2,0.42043299506217147
3728,RhTe2,0.7828431094308516
440,STl,0.7493435976552211
4780,Mg2O8Te3,1.2790883243698867
3857,BiBr3,0.22880799570603028
1248,I4Sb,0.4314623329471045
1609,As9I2,0.5239983573077146
4253,AgGeO3,0.5368558884395216
3835,BrNZr,0.2664555373269669
229,Se5Tl2,0.4162427826936386
3686,Cl3Re,0.2527228528174057
3560,In4Se3,0.7373661184423916
3146,HfN2Na2,0.3689554839445873
517,PtSe2,0.45218454716421735
1149,O8W3,0.603913608648942
4006,AgCrSe2,1.8185756210860908
4734,C3N4,0.41887232197621627
916,Ge2O3,0.26373063146512576
4085,Bi4CaO8,0.740303522621376
186,Br3Sc,0.27290954513138854
866,Br5V,0.3956765175125006
374,Br3P,0.6232372459371133
1349,Cu2Te,0.4052935725032245
5083,CrO8W2,0.35365398473159887
5159,Cl3HgNa,0.25986375198773637
2818,Br3P,0.24674479134152905
4356,CrMn3O8,0.2984654863647472
4744,As2Se3,0.3991702650890019
5202,Cl2Pt,0.28647372546469996
2932,Ga2O3,0.05542428169171109
5373,AsO4Sb,0.5282717529760307
1529,TeV,0.42153161953718465
321,F2Sr,0.2178438536816858
2942,Ba2Sb,0.4110218416267596
1675,ISb4,0.5526848615118024
3828,Mo2O8Zr,0.45096607184996246
3239,Bi2OS2,0.6387312064132047
194,PdS,0.21072920914127471
1129,BSe,0.32328614120945437
3619,Ca2Cl2CuO2,0.4896480845309388
6,TcTe2,0.3123467114466036
122,HGe,0.16603752305722608
3448,InSe,0.28666225609863594
769,SSi,0.10600394740041773
10,O2Sr,0.8703378508184735
2296,TeTi,0.3466930185256214
1633,AuHf,2.604179294947914
380,O3P2,0.2966642862258586
1848,F3Ti,0.2507443757415646
405,P2Se3,0.4428329768267012
4672,CuLiO2,0.7139906338521794
2101,SiTe,0.41707544119367074
5149,O2Sb,0.2706733572011359
4592,Cu2O7Sr2Ti,0.36626794272720914
3067,CoO2,0.017363862263159648
3200,AgAlO2,3.31940911517268
5533,NaOSn,1.6620419634957078
5936,Cl,0.2717269774180488
4742,AsClHg3S4,0.44819139483964887
5300,C2CoO6,0.22074788943809798
3788,AuPS,0.451852588332949
4777,P2Pd3S8,0.42018273521035626
4336,Ga2NiS4,0.2896697902280139
3770,GaSe,0.3822995619270694
3456,ClRhTe,0.3711200464587047
2438,O3Y,1.1191086012401263
3093,Cl2NiO6,0.31641109580972876
4502,BeF2,1.9317558667279404
1070,TcTe,0.4062952707366031
4718,F5Mo,0.036963899854813
3014,Cl3Tc,0.31171733560307047
182,Br2Zn,0.263874258172147
4220,Br2CdSb2Se3,0.43893212535636816
4648,Mo3O9Tl,0.5979159420135862
2122,I3Sb,0.18516227051622192
5056,Bi2O4Pd,2.028506148983201
388,S3Sb2,0.41058850905446304
110,Be5Co,3.4013078450170773
5643,Cr3O8,0.31424184775196123
3912,AsO2Rb,0.3412685741736072
4094,Cl2O4Pb,0.3757747143791865
874,As3Tl,0.7979844770134705
209,CrI3,0.2781339231652446
4000,F5Ta,0.21418563954484748
2313,AlBr3,0.6673228978692693
4996,CuSe,0.5614658285534746
3772,O3Tl2,0.353655862960204
4951,CrLiO4Si,0.8590887263221453
4741,Se2V,0.42227191249602053
3916,MgO5Sb2,0.4956417885960341
792,Ba2Ir,0.5998098265157203
3279,F4Nb,0.451134701443321
5334,CS2Ta2,0.3648758511744335
5327,Fe3O8Zn2,1.233344445497212
4858,AlCl7Te,0.2584969188772662
3475,CuTe,0.39629947862824544
4409,CoI2O6,0.8199895163568832
1632,AlTe,0.28590315702709795
3269,CaGeNi,1.2573832097819932
1780,Cr3Se4,0.4400325006049253
1784,Ga2S,0.6559260702665775
1584,Al4Se3,0.7030454211708366
2507,Cd3Sb,0.6754509411267073
4569,F4LiMn,0.5386245716546763
594,Au2S,0.5932547798907206
3987,FeP2S6,0.3362805792936534
42,BeF2,0.323405014595811
775,Se3Ta2,0.6078811510588968
855,AlBr3,0.2474032750826774
1362,F3Mn,0.3063728496932256
92,I2Rh,0.37341251272750414
1107,NiSe2,0.6584655013950577
498,As2S3,0.4350257111173904
5225,CuO4V,0.6122244009745511
2362,I5Nb2,0.08365328574991567
5270,F4Mn,0.3110903067477826
1077,Ba2P,0.5717058541069224
3881,ClMnO3Sr2,0.5023869280167288
2373,BBr3,0.16398016743628235
1815,SeTl2,0.3961012214067489
542,As2O3,1.1525685664440746
79,Ca2P,0.818412169392958
174,Te3Tl4,0.863951304716626
4392,H6CaO9P2,1.0627834869217987
1887,Ge3Pd,1.4451219370934243
4233,BrOSc,0.3122972404605465
4196,O2SnZn,0.3772588856242072
2051,BI3,0.270745654056558
4835,BrOY,0.3252125435215655
4243,I3O9Tl,0.6397403618832128
3574,ClInO,0.25773274663743734
3446,Bi2Se3,0.46602239300634174
1940,CoTe,0.5584571597854638
3761,FTl,0.30288170456050284
5461,CrO5P,0.4091400709324673
853,As3Ge,0.9015220153958526
4226,S5V2Zn,0.9631127435626685
2784,AgO2,0.8554781109482764
5224,F3Sn,0.393492274213634
1010,Br2Cu,0.24402089135837096
3007,HMnO2,1.59048693111805
4776,GeO4W,0.4192130686276995
103,Ge2Ru,1.9898858489668578
5471,O3PbTi,2.205568394655893
1191,Ga2S5,0.37255528029007573
149,Br3Tc,0.2627262720047625
1177,IIn,0.31347792412197617
3644,ClNTi,0.2873961414125518
469,I2Mo,0.3126102173878437
3394,BrCu,0.3942311795394855
584,ScSe3,0.41806831947458445
1607,CaCl2,0.395289870853234
3719,Se2Ti,0.4080205441184874
3794,Br3Ti,0.29135488647669755
4717,Cr3Te4,0.41282439706118174
1418,Cl3Mn,0.30433702265570917
4041,F5O5Ta3,0.47623665537220594
5247,S3Ta,0.41810238960332835
70,PdS2,0.4852114459014925
4068,H8B2Mg,0.22958612389509228
338,BCl3,0.21674393400010475
2975,Ba2Bi,0.4201091795644429
3954,F3OV,0.1625032225768071
113,BiSn,0.47109728243974525
3626,BrF4Rb,0.17383093788771944
4820,F3LiV,0.9011649612970983
4152,AlBMo,3.705512787839816
228,S3V2,0.7581513274319932
1463,BS,0.3512622627764181
4076,FInO3Te,0.4821137050773275
3991,O6Sb2W,1.1797407917545195
1415,AgSe,0.4047596501062142
887,P2Te5,0.6780411361884077
1771,TaTe2,0.3717962182343313
4686,BiGaIn2S6,1.088641946301663
273,O3Sn2,0.8786150487440993
418,Cl5V,0.3732953277180299
2503,Cl2Pd,0.304782013039411
3824,H2O2Zn,0.5853019257760291
742,BTe,0.31321611221885776
4517,Cl6O2TlW2,0.35949112979176273
2567,Br2Sr,0.21615533597793038
4019,H4CaO6P,0.7057218245394297
2497,LiMg,2.5159983190531907
5794,ClO8Se2V3,0.26204541961343975
4029,Br3In,0.2487973219644179
726,Br3Ga,0.26797798295566044
3983,Ba2LiN,0.8692315189842655
951,ClGa,0.2865732169965476
4840,O7STe2,0.8102963403451205
5746,BiKP2S6,1.119510789303319
4466,InSiTe3,0.3304174327978072
3590,InP2Se6Tl,0.36160900591985234
1421,Nb2Se3,0.6229561344323824
645,Br2Hf,0.3031567973402762
394,I2W,0.3251097287594096
5869,H4BaO3,0.7942803012562071
3782,AuPS,0.4822876192672676
453,PbSe,0.8695535077792733
1430,I5Y2,0.27209750140073474
4054,O5Si2,2.001880456290936
729,F2Sr,0.8251216327651871
1193,NiSi4,1.8498291123688861
420,S2Ta,0.45063181722064544
4106,CaO4Sn2,0.23409065084114103
3148,CdO2,0.6820268734406549
4012,AuSe,0.4084198869321336
3926,Sb2Se2Te,0.38804204621806376
5242,CuMn3O8,0.3927086965584474
5284,Al2BaCl8,0.19778488692702892
5456,CuHgO2,0.6455691985488995
747,I3P,0.28484968566037877
2954,AsCa2,0.7956171700954952
1334,BrGa,0.34103402545034955
4850,AgI,0.2947058636534741
5236,PdTe2,0.6967101158910548
3870,CAg2O3,1.2605076348006512
3663,Cl2ORu,0.3161130692832605
5030,H5F2GaN2,0.36095489267324565
2121,AsMo,1.9741545556992601
134,GeO,0.3497238364890516
4889,C2Cu2LiO6,0.43606018447395894
2935,SbSr2,0.6047784615902967
3654,Ba2N,0.7367083795954584
3302,H2O5V2,1.032234035402407
3800,HgPS3,0.3476540439966981
778,Cl4Ge,0.3378331071206542
844,Al4S3,0.7066600704950811
677,NbTe2,0.3827410620090492
638,AlAs5,0.7151728678812332
4903,Ag2Bi2Cl2S3,0.4913459128757648
4032,F6PbZr,1.0372165935142454
3245,HfTe5,0.30939347986841337
5696,O10P3Sn2,0.6947796302447009
1246,B2Se5,0.32566564268025516
2281,BeI2,0.12810848427507673
106,N2O3,0.07262135552329704
1536,Ga2Te5,0.3456635990585425
5473,MnNb2S4,0.5144109686721727
4983,Bi2F7K,2.170122617001226
2322,Ag2S,0.2608023881705879
370,BaCl2,0.20220089238293112
4096,AgBiO2,1.880698797153196
611,Br2Ca,0.22577334242248792
3551,I2Pt,0.4174098269376689
5433,BiO7P2,0.42612426226111794
5712,F5VZn,1.5124411846667092
5209,RbSb2Se4,0.6440161950949765
5348,As2Te3,0.42503682718156005
15,IrS2,0.7658382737334317
4539,Bi4MgO9,1.1651839462739926
3730,Br2Ni,0.30126372109047034
3576,AuTe2,1.1373349917285818
1305,I4Zr,0.24843833522432926
432,BeBr2,0.2818464257417797
3219,Ag2IO6,0.05167429761591178
646,As2S3,0.37439901964293
3161,MgTi,1.6956494232861443
1638,AuSe2,1.128052410222196
4553,BrOSc,0.2651125284999467
3854,I2MgO6,1.0723580994186097
4856,O6P2Sn,0.14744242821468753
2237,Cl3Sb,0.5345510312441482
4628,Fe3O16Te2V3,0.6379195748386515
3732,BiIn,0.7408778741012123
1392,AuCl,0.5270839370599987
67,Br2Si,0.2744651523262182
1567,Br8Sc5,0.30018959480980184
878,Te3V,0.47144988252773823
5054,Cu2O7Sr2W,0.3412803915597189
2601,FeSe2,0.4427801376071161
2052,CaI2,0.17407402023415636
1785,Ca5Rh,1.0766701102180036
610,N3Pb,0.34942664051906247
1180,Cl3Sc,0.285322387570102
582,AgZr,2.0741222380831146
1702,ClTl,0.3471687594349211
2551,CuN3,0.4412592177973254
1790,InTe,0.31299289407668723
772,BBr3,0.11986766733562845
2669,AsSe,0.8107354652637838
5245,Cl2O2W,0.125101557049138
3108,CuMgO2,1.2363302651014727
2316,ClLi2,1.2392675562227884
3946,O5Ti2Zn,1.4565463618346655
3116,SSb,0.035625691936372494
5193,Br2Zn,0.2770092992875274
2306,I4Ti,0.0012258938022292468
3358,Mg5Y,1.4461140181705985
2309,SSc,0.03349691758940012
5528,CoLi3Ni2O6,1.7179211575813
131,RuS,0.4272329211771894
2126,AuI2,0.3695506859202647
1489,Mg5Y,1.4403664970470607
3595,Br2Mn,0.2768410852891087
4135,CoLiO4P,0.4046326872628067
5258,CuS2Sb,0.8022243906725309
3961,Br4NbOTl,0.3029275833714683
222,AlSe,0.2987942725252657
2039,CaF2,1.1477334980687777
1653,Bi4Br,0.5804145276041014
1644,AsPb,1.0471158884455891
1499,IS,0.29755151130189306
3077,OSn,0.36446559453893307
2220,O3Sb2,0.4489183713553223
825,SV2,0.5353678080856432
5911,AuBiCl6,0.4694992602155905
4390,C4BNaO8,0.41478081369290865
3796,H5As3O10,0.823342401671431
4443,O2Ti,0.019266374470558487
3748,BrFSr,0.469880439105552
2630,I3Sb,0.2883797325955781
1600,AsF3,0.3398283464721861
1504,Ge2Ti,2.546127276888604
5815,O3W,0.363160512510152
4582,AgI2,0.3051020257432377
3327,SSn,0.25609576461707584
5165,Bi2SnTe4,0.40464188854234856
5142,O2V,0.26157306581046896
5061,BaBi4O7,0.4559150050571872
1146,HfSi2,3.5425980872829665
281,PdSb2,0.7107663390538697
64,AgF,0.4941075939879333
5698,O6Pb3S,0.5400803851645897
1324,F2Pt,0.4723803691784975
147,F2Pd,0.49973634207261175
5892,GePb2S4,0.6466016673288616
2197,Br2Sr,0.24454051855690176
5692,Cl4HgK2,0.29111085400686315
5185,F4Fe3Li3O4,0.742155158747247
3559,H4CaO6S,0.7376319210559029
2090,Cl5Nb2,0.09856932935254432
2486,BiI3,0.30985582705846215
355,GaI3,0.26233264999881656
832,Au2Te,0.43398529139151093
3324,Na2S2Zn,0.9074725811613159
814,CuS,0.40000949000118047
5674,Cu2FeO7Sr2,0.3698417938236156
3600,Cl3Mo,0.29179463767814573
2640,Br2Pd,0.3230933949861863
3054,O3SnZn,1.1753178887540123
4375,Ge2O6WZn,0.31441559850119744
5414,Cr2F12Mg,0.21902968722898847
3917,Al2CdCl8,0.2995220510404508
3091,N2O6Pt,0.2622959232452101
2227,AuO2,0.4848208254827646
4814,H2O7SrTa2,0.5472122967425763
2724,Br5Ta,0.25780735974465885
4127,CrTe3,0.37398667490653237
5703,I3InO9,0.6295504110660225
3318,GeTe4Zr,0.4019307260297449
2182,I5V2,0.09370128152505704
3094,MgSb2,0.7686615720715735
4605,Ca2ClFeO3,0.5078695561116637
1684,F2Pb,0.8677300725380321
4747,NaO2Sb,0.0904334075443023
1405,NbSe3,0.43714268798792777
4851,Br2Ca2CuO2,0.3180197457516997
393,Cl2Pt,0.43231111645179165
1384,As9F2,0.6192396191438981
5963,In,1.0397184194371865
2091,F4Ta,0.15406816616125513
5163,Br2O2W,0.15669159793754697
4462,I2MnO6,1.0485767224808096
2211,Cl4Si,0.25072067386604785
1850,CoSi3,2.4288425292663267
4039,MoO3,0.40136375483287834
1844,AuS,0.4194609720449565
4721,BrClPb,0.7572939989135057
2120,MoS,0.40802112071530594
3012,Al3Ru2,2.7952268393402795
4981,Cu2O7SbSr2,0.3597779644120538
1587,SeTl2,0.39592147415442075
238,AuI,0.43249699629138083
5855,PdSn3,1.0568140969469433
1534,Nb2Te3,0.4413971181530986
4961,CuI,0.2780870018405305
1335,Bi3Sn,0.6360470944441048
5650,F9KTe2,0.5616763940398136
4546,HCaClO,0.8298166647306229
450,Bi2S3,0.493179067214482
125,Cl3Si,0.1675829866144723
4533,Ba3Br2In2O5,0.4440360433949986
661,ClTi,0.353455209258244
5123,FSbSe2Sr,0.5555941607985493
4142,CuO6Si2Zn,1.3574322145018893
5561,Li4S4Ti,1.0653639236304675
662,I3Sc2,0.30439375751121406
2582,AsS,0.829600264196002
5042,KO5Sb3,0.696185090471009
3666,H3CaO4P,0.6407172638447489
996,BiI3,0.32162134800128106
3966,GeTe,0.5481445736705346
2419,Te2Ti,0.4399718553734131
3545,AlClO,0.29977256042022077
1572,S3Y,0.4202751413729326
5796,Cr4Li2O13,0.2790591385883757
4285,IrNb3Se8,0.4089031341288496
3103,CoSe4Si2,0.657100524948076
61,AgCl,0.4228327395373529
4857,BaFe4O8,0.2158041238424584
5086,O9Sb2Si3,0.8074442933165005
4013,Bi2O3,0.8226286630341647
5140,F4Sb,0.34099552828788965
1714,BaCl2,0.6260925081144033
3143,Al2S4Zn,0.7340103030625604
1998,AsI3,0.2737379160728164
4965,BiO8PPb4,0.5626153849158064
4165,AgFO2,0.5637598156938142
4548,NiO3Ti,4.053742724397783
3653,O5V2,0.41234521845941036
1207,Sr2Zn,0.8657478107992704
5012,CuI2O2Sr2,0.28642640826511223
1374,CP,0.33442849125944546
692,I3Mo,0.27657225071501507
3046,CuNb2S4,0.43976569914452784
3273,N2Pb3,0.427994163765342
1501,Cu2S,0.4347843693652347
1046,BrCu,0.2969119395752837
190,AgTe,0.6437343939121787
699,AsI4,0.399796196394744
3231,CdS,0.1669947311409719
4771,GeO3Zn,1.3739819750502131
5845,O5V2,0.3507512569655199
144,Se5Zr,0.31639011039835135
5240,CAg2N2,0.8005443023354845
3928,Br5Te2Zr,0.30632711747524277
1409,Bi2Te3,0.43107915780224326
4621,FeO8Ta2Zn2,1.5517813816681016
3240,I2V,0.27678136377915885
17,AuSe,0.616110680292253
4461,Cr3O8,0.376681995006974
473,Mg5Rh,1.4286309538117765
1851,S3Sc2,1.3583093286357006
2170,Br2Ca,0.23957601248933255
2843,AsO2,0.23093485202640987
5572,MoO5V,0.6969543250824449
5571,Br2Hg,0.2730614169737787
4895,GeSn,0.0019220334750444934
5388,Ag3S3Sb,0.6368323928337257
3140,Al2FeS4,0.5701956378891581
4436,AgClO2,0.5221282497614623
4894,H3AlO3,0.8470236059943466
5491,I,0.28134921340414587
3337,CaMg,1.214756754066854
1535,I5V,0.4855282457503512
4114,C4BKO8,0.38266274328936645
1602,NiSe,0.5192191796159408
810,BeI2,0.28686855641687836
4252,PdS6Ta2,0.39808847140881626
3489,Cl6NaNb,0.3134675309793362
541,BTe,0.29163162550056243
5067,H2Mg5O6,0.4880341530361657
840,AsCl3,0.26064268196261886
2543,Al2S3,0.24683678008488685
1765,Se3V,0.47268097520932845
5027,CrLiO2,3.9311466628233136
5590,O3Sb2,0.49523170043725756
5953,As,0.8231081017197098
5014,F3Fe2LiO2,2.4939644477410945
5161,F4Zr,0.0029587004896767678
3488,Ge3O9Sb2,0.7549531359415509
4657,GeHfTe4,0.4079830398690728
3494,Mn2NiO6,0.34477414421652725
3908,CrO4P,0.8002106352428636
581,BiGe,0.44068492805438236
5682,H4MgN2O8,0.564115675708942
2451,ScTe,0.04073672603908426
3250,Fe2OSe2Sr,1.496314121397469
904,Cl3P,0.17941623710234153
4381,Cr2Li2O7,0.16491011378321377
4512,Br2Ca3Si,0.6534274727240167
4579,CuO4Te,0.6641205439698223
4200,Mo2O8Sb,0.3598227472139516
2246,F2Ni,1.4603595064456656
5515,CuF2O3W,1.510933104515969
1690,F4Hf,0.503660986359443
3474,CdCl2,0.26160379998353694
4011,CoSe,0.48806225794269664
1755,I3Sc,0.27735260895424957
1922,Hf3S2,0.7312487589637039
5332,Cr3O8,0.4100552464339441
4907,O7Si2SrTi,1.012167879035848
1740,F3Si,0.26695580981305644
3322,CuS,0.8283861712865532
256,Se2Ta,0.4480631894011548
5530,AgP2S6V,0.34178637552254654
5063,AuTi,2.5158399306902224
959,ClIn,0.2727736175292161
2965,Al2O3,0.02263439814703008
1288,PtTe,0.8565500251305282
2215,Cr3O8,0.2980750127613919
1604,HfI2,0.2949252442537715
797,BaI2,0.31746874314728635
917,As4F,0.6385434166276621
2041,AuZn3,1.1228548062734252
1990,BiI3,0.24062799901882653
5081,HLi3O4Te,0.3669187600522349
836,FGa,0.230484849705552
1100,Pb2Ru,0.6410062278975965
5476,AgFeS2,1.4634504489693387
3293,GeLi2N2,1.241554384164064
1762,S2Ta,0.4380555087565468
3710,CdI2O6,0.9730183705641069
2072,AsSe,0.0001661760927490878
5065,ClCuO2,0.2710356679264817
5582,Br2Fe,0.29899738112632956
193,I3Os,0.3082250889881856
1394,AsIn,0.6698877503962527
5496,AsI3,0.27911778892361894
3768,As2O3,0.350530509064055
1889,CrF2,0.4840220417950522
3527,INZr,0.2762055065992822
1506,STa2,0.6267388286871255
197,Se3Ti,0.3894945506464157
1152,AgSr,0.6473135964753962
5434,Co4O9Zn,0.8310516828675909
5359,MoTe2,0.38850214228781016
5832,F7Fe2Li,0.21437527082037375
1103,HfI3,0.2686847308077434
601,Cl3Ga,0.25072078220902827
454,F2Tc,0.3936847479347492
4849,FO3PSn,0.36073129816104216
5115,O2Sn,0.45988039278950577
5175,Co3O8Sb,0.4003678666277988
75,S5Ti,0.36347882125102066
5517,AgBiO2,0.5850312488394356
1732,AlSe,0.29569509314488907
1577,Br4Nb,0.35372157236208185
1434,Ba5Sc,0.8439393266613127
2229,Br2Pt,0.2995234338196831
2002,I3P,0.2830766135679661
7,Se2Tc,0.3634392498224697
3186,HfSeSi,0.6027051340793967
4262,H2CdO2,0.5496544585094616
5719,Hg3O10Se3,0.9630726759814808
4531,CuFO2,0.35956789779603515
1876,I8Sc5,0.2829609047722108
1515,Bi2Ni,0.7443150117072423
1223,RhS,0.564984122104786
3389,FNTi,0.4048975006095124
4323,AgCuO2,0.7260661414612297
4723,Br2NbO,0.2899426776021017
4334,F5LiV,0.36803867338914387
4102,Al2MgSe4,0.20272309247447096
2068,AsSb,0.6255182221091016
941,AuBr2,0.3438091939389484
85,GaTe,0.28069897019951684
1539,AgBr,0.3991573447370575
3780,MoO3,0.34147290646775813
4950,AgBrO4,0.5475854021331692
3550,OPb,0.34056009662219927
1510,AgI,0.3670026444431631
1979,In2S,0.5114618976471846
2117,O3Sb2,0.21332933223957573
4572,BeCrO4,0.3050297658299867
3672,Ca3Cl2Cu2O4,0.49053319249941735
1707,B2Te5,0.36123900215018956
4846,FeNbTe2,0.4199343424627744
667,MgO2,0.40983657095549797
4643,H2Li2Pd,0.9332102573797507
4345,BiBrTe,0.31127947674271794
25,AlSb3,0.7245960967501983
1233,Br2P9,2.791498779267466
59,NiSb2,0.47609576930107994
5229,AsO4P,0.9357301671291264
5630,Li3O14V5,0.4537569112956853
5122,NiSe,0.6577665359597623
854,AlS,0.3120663277344166
4478,H3Pt,0.723037068284427
1634,F4Ta,0.8650734707246782
3580,OS2Sb2,0.43336451104877416
3651,PRbSe6,0.38565310232799804
876,As4Br,0.5819164749185469
5006,BaO6Ti2Tl,0.093671110142209
3366,NiTe,0.6205123601658588
5830,CoLiO4P,3.2072428532025428
412,GaSb,0.5123713419557148
1448,P2Pd,0.796128314606271
2697,CuZn3,1.4380366886908569
4602,Cd3O10Se3,1.2652128316342244
257,PSn,0.4529148867790539
3333,Mg2Y,1.5690578973819131
5155,MnO3Tl,0.7309018254925495
1079,PtTe2,0.48319877883620693
4890,HNaO,0.5848629588625334
5727,MgO9Ti4,0.886865608326576
2536,Br4Hf,0.00042040854143500126
933,BaBr2,0.5577456490254769
5833,C8B2N8Zn,0.4892633518969739
3453,I2Pb,0.2275398865314796
3537,KNb3O8,0.6348197173901869
3899,Ba2O5Sb2,0.5108701331701331
213,AlS,0.3317652830403445
5935,N,0.295931246177717
3809,Br2Mg,0.26368163470815614
5264,Co3MnO8,1.87972064383162
1719,CuSe,0.7006585060953748
5930,Sn,0.8057457568299442
315,FSe,0.9586010546518042
2038,SeW,0.39594671360225503
1733,F2Ni,0.3533164285627078
1271,BiGe,0.39205590458163586
1022,NbS,0.395485289891118
294,BSe,0.3293575726633356
497,AgCl,0.4469571168045404
4617,MgO6V2,1.928850983260437
5518,PdSn4,0.8751615660964827
1837,In2S,0.5031944845585394
5616,F5Fe2Li,1.294154327747691
5729,O4PbSe,0.8122746547485641
4649,MoN,0.8840289156039537
1857,As3In,0.8847787949305976
4584,CoPS3,0.3744306213271872
4111,MnO8P2,1.5534374650132385
2291,F4Hf,0.0007031472025516048
22,SbTl,1.1562007856536411
5939,Sn,0.5996412999175139
899,As2Se5,0.3134316298282277
1159,AsGa,0.5040136832817856
5376,IOSc,0.26633664409666935
5974,N,9.910973304746165
3029,Bi2Mg,0.6548679021767765
1692,NbSe,0.41033019630092826
5195,Cl8Nb3,0.32040582134231954
4290,NbS3,0.3520788310476687
1466,Cl3Tl,0.4126413831470676
375,F2Ti,0.3408426136184622
3915,Bi2MgO5,2.159661199451749
3513,O9Te4,0.5980848278430906
4522,CoMoO6Te,0.5263882480094451
5906,BiF4Rb,2.7054776822935787
4222,F7Fe3O,0.27344793302247083
3934,AuClO2,0.2921755928910913
3346,GeHg2O4,0.916445591601495
4990,B2O5Te,0.2904349810633307
1803,Sb5Tl,0.4464023321451328
771,Cl3Y,0.322709118033107
1687,MnTe,0.7345820531900555
5933,Tl,0.9596325922293748
4892,BiS,0.03958179142076109
1109,Br3Tl,0.25088090492919163
5524,FeTe,0.44639406461469144
2228,CaRb,1.2696705351578215
2096,Cl4N,0.2672614585771464
2721,Bi2Hf,0.6630914666918213
5394,BiCdISe2,0.879500485707911
3068,CN2,0.45199177589716305
5817,Cl3Sc,0.2513048299327783
2428,F2Sr,0.46030626812506414
5706,LiO12S3V,0.26985404971745586
5080,CrO2,0.26980440694647023
3197,Al2S4Zn,0.3222785737298625
267,Nb2Se3,0.37970177011662354
3365,BiFS2Sr,0.6291081821952887
1689,F3N,0.14480224352502652
5112,O8W3,0.3787198997697172
5805,C2I11Sc6,0.3319053902284797
1578,I2Mg,0.23045014108951123
3690,CuLiO6P2,0.7023898437831255
5244,CaO4Sb2,0.6826361896590394
3639,HLiO,0.30796441074156955
4105,CoMnO4,0.5448359561223829
161,MnSe2,0.4137132640565957
5628,Bi4I,0.5556118601477616
4639,H4Al2O9Si2,0.5675867230077621
426,AgBr,0.2836983816425677
170,HgTi,1.6609916327686696
2857,F2Sn,1.499778794324633
2855,BeF2,0.1800984658457553
3272,MgSb,1.3210555795335908
977,FY,0.32437799571198095
1085,Sb3Tl,0.7214495391688156
3352,CaO,0.06380881603159663
3957,Bi2O3,0.7161589426877741
4104,MgPS3,0.3172515486196404
673,Cl2Pd,0.41069528092032964
2087,BiBr3,0.5438054434547998
4189,Au2O10Se3,0.5535101932824283
5103,Ag2O2Pd,1.0230307412551076
3326,Ga2S4Zn,0.31249052566431623
3882,Hg2MoO4,0.6458154500015579
5387,O2Sb,0.19252858231864706
5654,Cl2Cu3O6Se2,0.38859514585365906
754,Bi2S3,0.39976340505095254
4248,Br2CoO3Sb2,0.31058043724923234
2493,Bi2O3,0.9626359475953105
5219,GePbS3,0.4612059150242213
3871,C2N2NiS2,0.29528541501121114
1582,Br2Y,0.2870921686693427
5813,P3Sn,0.9029373206903819
1076,BS,0.3105814183998875
4388,CuF4Li,2.8510737741268546
5511,Br,0.28471902072910277
3496,HBrCa,0.3317400725563952
446,Bi2Si,0.41323441950349843
3249,O7SrTa2,0.9784663526893489
2837,BiTe,0.10905321100543638
4103,BaO8V4,0.22307933704319197
3762,ClNZr,0.2854538848632306
4577,AsGe,0.3892110752006994
3516,Cl2Co,0.30696726612052216
1111,I3P,0.18967639275902343
5951,Sb,0.0021569544675918138
4374,MnPSe3,0.32956496186101697
4699,Nb2O8W,0.35033654950599513
5631,Li2O12P4Sn,0.7930596907891923
3749,GaInS3,0.32392792945760024
5265,CdGaInS4,0.6281496320606995
798,GeSe,0.2393909845798441
3583,Se2W,0.3885712792341638
3413,GeS,0.5109764771473696
5169,NbO5V,0.8248570170388879
243,Ge2Mg,2.1203631240471967
3082,FeO2,0.42544347254304493
3784,Bi2O4Sr,0.39143532841190115
2598,GeSe,0.32993050058438905
4469,CuGe2P3,0.12686260635977817
5839,Mn3O16Te2V3,0.6540639031323516
5297,Ge2Nb2O7,1.8601677047563006
5017,O8P2Pb3,0.6892618555748784
1165,ClS,0.06265555359342828
3506,BrCu,0.3208014137711735
4562,F3LiOV,0.4987045404346574
306,Br2Sn,0.24295826046853597
2064,CCl4,1.4664537910398914
1026,Cl3Zr,0.26812493703874263
4091,As2Ge3Te6,0.45585742083197983
4993,HCuO2,0.5361178406511813
3709,BrInTe,0.27994176723402364
5339,FO2V,0.24134288134815107
327,Sb2Si,0.40827720822454594
5203,H2CoO2,0.5510405257929457
4286,Bi2CaO5,0.7221441913004216
486,NbSe2,0.4624110214852642
1425,FZr,0.34093980840925975
669,Ba5Rh,0.8335442645878868
201,Cl4V,0.37960134643633037
334,Ga2Se5,0.3359072694451038
1512,TeTl2,0.4339260800855968
4241,ClFGe,0.408687832058175
2841,BiO2,0.5709059979493186
3412,Cl3Y,0.21676076233456482
3349,F2N2Sn,0.21342015808161993
5826,Br3Fe,0.3135159130597167
3368,AgLi2Sn2,2.0203598956211968
5800,Al2Cl8Cu,0.2514299956697809
2086,PTe,0.5601495968193421
3289,FeMg2,1.6186594480233087
4441,O4SSn,0.8150360496354483
3454,H2MnO2,0.5496384267456103
1540,BiCl4,0.19326293995065305
3178,CY2,1.8156695515193584
4206,F6Li2V,0.10369832510682195
1113,AuF,0.9270021734934444
2,STl,0.37531914616586953
4046,Cr3O16Sb5,1.257762824728675
1269,AlBi5,0.9021108117010915
5841,CaO3Te,0.9794734940525429
5294,Te,0.37099998302669784
3251,Bi2Mg,0.4424682787414332
2400,O3Sc,1.4969271077770185
5687,LiO10P3Sn2,0.07858395500254273
4528,MgO8Re2,0.39284361758017017
3059,Mg2Sn,0.8323434496555131
3596,Cl2Ti,0.4080909235471303
2033,Cl4Sb,0.9098635581373489
5768,P3S9Zn2,0.30779770829259157
3241,O3PSn,0.3681495728807642
3798,HfS3,0.35260875372740924
1171,ClS,0.2557794245696279
1227,B2S5,0.3556910699599244
2317,SeZr,0.41237275371301935
515,BiF3,0.41847121768656553
1135,N3Tl,0.028939439975950734
2820,Ga2O3,1.1184151639502937
2989,Te2V,0.4077257686094069
1312,As3B,0.4835730693962083
2378,Br2Sn,0.5159165915720516
3463,PSi,0.2620115083881406
1708,F8Sc5,0.623510153990856
4804,NiP2S6,0.34868448186139106
4813,Cl3LiSn,0.4963126713800165
2440,O3P2,0.4437687912218816
2680,FeTe2,0.2852604161750711
2695,AsW,1.9087347270428103
4163,O2VZn,1.9643267911753015
3018,Al2S5Zn2,0.9138398185676363
3856,F2LiO2V,0.42654776567199365
3071,NbS2,0.4652456341927866
3292,CuSr,0.726519974780496
2558,F3Ga,0.33117679052216054
5820,CuP3Si2,0.20298042049383533
5862,BiO5V,0.56798361030558
3266,OZn,0.20541180478638066
1817,GeSb3,0.7612115412081971
1462,F4Re,0.3778004838076771
4836,C3N4,0.43347653713212586
5383,MoNb2O8,0.3582265566421049
3188,Bi2MnTe4,0.3494683187149726
4705,I2Zn,0.2638614316923278
4882,Mg2Ni3O8,2.2843232679926806
4735,TaTe2,0.46882078512003983
3543,BS3Tl,0.4367795999930121
5548,AuCuO2,0.6829052673127196
3398,MoSe2,0.39167815657548
2149,CdSe,0.42589649053280726
4661,Cl2Mg,0.09614635475985424
1835,InP5,0.4534679416561918
886,Bi2Te5,0.3008114948908515
3320,Mg2Ti,1.8524334817302945
4987,FO6STc,0.23820244133937632
5750,CrF5Zn,0.702691841879247
4595,Nb2O8Te,0.37234017344475046
3452,CrNbSe5,0.47454414733073685
3696,IrTaTe4,0.3941760730700247
157,SbSn,0.46544403301203424
1772,Bi3In,0.7246612972369009
927,Mg2Zn,1.4803968998078412
4979,GaI7Te,0.23571676396057256
1553,Ag2Te,0.4009365451518832
2997,CaCoSi,1.102715818899084
5212,GaIY,0.2485749381012224
3633,FISr,0.2887579553745006
1794,AlP5,0.6539965417912589
341,S2Si,0.3533383761502017
653,AsSr2,0.650025786373313
5072,HSi3,0.24105266948571377
1569,Cl2Zr,0.30137079804925365
664,As5In,0.4797214418286389
5020,BiMgO6P,0.6221162676369567
5734,Bi2S3,0.6138128329785546
1782,Se2V,0.42428425812360193
4833,O2V,0.25678268787804387
2999,Ca2CoO3,0.05760384112973701
4786,AuFO2,0.3715596843139274
1693,B2Se3,0.3295382302036852
3142,Te,0.43003878628114983
4948,CrSe,0.5318628905482236
3656,BrInO,0.2576079054431925
4887,FO2V,0.645265907215485
4022,Co2O5S2Sr3,0.6936506259545998
1476,F4P,0.13231559952672678
3444,GeI2,0.2516128729363317
4476,Cl3Ru,0.3146252081134564
823,Nb2Te,0.4789492617505769
5490,Li2S4W,0.256896826253783
5467,PPdS,1.2341814354436564
5266,B2BiLiO5,1.0483380255751529
1442,AgBa,0.5652524805685766
3608,As2Ge,0.36773333533182706
332,Cl2Hf,0.3106022935418698
4078,O2Sb,0.08828218293959171
5460,BaNi4O8,0.2750401334051221
3938,Nb2O8VZn2,1.5744980347313304
5392,F5Fe2LiO,0.6020804222557902
4223,MoO8Ta2,0.34079307135232173
3509,CaGeMn,1.1284869665815862
625,I3Nb,0.263551414183926
4297,O8SbW2,0.41703610027966165
701,FIn,0.2516010219359615
3357,MgSb,0.5463972973748531
652,Bi2Te3,0.35011306692058997
4752,BiF4,0.21286440089219597
3061,CaMg2,1.8630914022544312
2104,CaLi,1.9615214047176657
5510,C6FeN6Pb2,0.8538783953392667
3017,Ga2MnS4,0.43714416787394245
4838,Bi2O5Se,0.523321974240376
3836,Te5Zr,0.3091579452211698
2077,I2Si,0.7151094564540282
2585,INa2,0.6053582682915779
4655,Al2Cl8Sr,0.21861312551607884
108,PbTe2,1.0269971125689552
3895,Cl3Ti,0.25528016904467565
2142,AuBi6,1.3454243592952433
5478,H4O4P2Sr,0.24422400169205072
803,Cl3W,0.27880381693430917
626,Ga2O,0.5280683354155462
4159,CuInMo2O8,0.862162290927053
1422,Ca5Co,1.074582191809468
4199,F6Li2V,0.6337996129145427
1457,CuTi,3.475252849130408
1871,P3Pb,0.720883442023393
1579,Cl2Hg,0.30595983059215465
543,AgS,0.5523134391514698
4939,CuFeS2,0.3680220780190061
4307,Pb2Pd3Te2,0.5917578764956273
1767,Ga2S,0.6166828485817634
2359,AsS,0.17209623293057374
757,Br3Ta,0.3327734712534992
1491,In2Se5,0.383900778290386
4272,CaK2N4O8,0.3693090278495937
1739,ScSr5,0.8824281781284962
3779,AsO3Sb,0.4221281271464063
333,IrSe2,0.8045382154881725
269,Cl2Hf,0.13799389974702392
3156,GeP,0.3883162693681866
4953,Cl3InSn,0.24532850471005008
4467,GeSe,0.4796880519864322
1285,Te3Y2,1.0936224264473358
3023,HfNO3Ta,1.1351855580241959
2016,As4Ge3,0.5368880097620164
4716,KNO3,0.36910125510682457
1773,I5Sc2,0.31351516485856595
5408,Cd2O4Si,1.9083611357492736
3170,CdClO,0.5486322276390331
3744,HCrO2,2.018903018768151
5538,CoNb2S4,0.5387873379426393
4185,F2O7Te2V2,0.7793467951076974
58,STl,0.33713786430786125
1436,Al2S3,0.9842502349922823
4638,F4LiMn,0.7299939785420448
2988,Al2S5Zn2,0.3308172708386867
5299,BiO3Y,1.4166025666728865
2647,Ga2Se3,0.1712598893644448
4008,H2O4W,0.8650940963921382
2576,PS,0.6182013498631973
5220,BrMnS2Sb,0.8431793585535455
4715,IrNbS4,0.442291582308109
5045,Ba2Bi2O7Tl,0.18855883486024186
3860,CNb2S2,0.4610121590769763
403,F2Zn,0.4394957584479932
3890,O8TiW2,0.35778346875207045
4337,Bi2Pd,0.930409902446935
1004,BiMg2,0.8597939420004007
4444,Pd2Se3Tl,0.5181286666547587
2421,CdTe,0.3565247272234747
4121,CuLiO,0.7964269978381935
5141,OS2Sb2,0.4440824864772276
3906,ReSe2,0.3606364951672045
1130,FSc,0.42434572695457
5636,HgO4S,0.762242128321943
3070,Ga2S5Zn2,0.31815148241943364
5130,BBiO3,0.8261417197042621
2332,SbSe,0.05652062541111949
3661,H4O3Sr,0.6689029991503861
925,CaPb2,1.869143409037486
5910,F6LiV,0.40867838153656505
4891,H2NiO2,0.7009023193477064
5304,O10P3Sn2,0.6189166461508907
311,AgHf,2.029648822728036
3521,Ni2ScSi3,4.020808623690462
1712,F2V,0.3246429510586514
4912,HAgO2,0.5134397560837688
3869,Ba2Mn3O8,0.13034449312046315
4641,I2Zr,0.2891461039787705
1890,FIn,0.34307312070721524
777,CP2,0.4116758748285559
5160,CNNaS,0.20445443107480651
1402,SeV2,0.46152001540312076
4247,BiIMnSe2,0.8886441016296783
27,Mo3S4,0.44587594390248414
761,Br2Sc,0.3426099601041055
2151,F2Pb,1.540709234782002
4283,Ba2O8Ti3,0.10887672479750185
1688,Te5Ti,0.31626513151266383
2225,HfTe,0.41682394834846104
4442,Bi2Se3,0.3593744328435173
5089,O8Sn3Zn2,0.9011306952370934
3044,BiMg,0.5885964349346309
4386,Mn2O6Ti,0.37908451385932357
1429,Cr3S4,0.45068775542506334
3332,ClSTi,0.3527931257692587
216,PbSb,0.6284368493021805
5184,Be2Cl6Te7,0.40829223970603107
5576,LiNiO4P,0.8773598968155765
4003,F7Mn2,0.241336798288541
2993,SeTi,0.351331352513304
536,I3Tl,0.2576958646509354
2273,PbS,0.30555802934181386
768,NSn,0.5437918209293461
4061,NbO10V3,0.40139983843796356
3253,MgTi,0.5231640964600784
5441,H6O8Se2Zn,0.760763227052579
1926,NiTe,0.6396735118981997
2017,Cl4Zr,0.0007892657326961209
2414,TeY,0.03441596453669925
1548,In2Te5,0.35160614461239176
5584,H4Mg3O9Si2,0.6003754051063667
