material_id,composition,bandgap_pred_n0,bandgap_target
3577,BaF10Te2,5.1927900314331055,5.2169
3033,CaFeOS,0.009452462196350098,0.0
3404,BiSe,0.00556182861328125,0.0282
5293,HNaO,2.7642712593078613,2.8338
3707,Cl3MoN,1.6401870250701904,1.61
4870,BiBr3,2.9035608768463135,2.5211
5075,AgF2,0.02472102642059326,0.0
5016,CdCl2,3.798222064971924,3.6665
5647,C2H3NaO5,3.0871801376342773,3.195
4329,AsBrHg3S4,2.147996425628662,2.0762
3574,ClInO,2.5786900520324707,2.6455
3908,CrO4P,1.8102232217788696,1.9945
4303,Br2Cu3O6Te2,0.016360998153686523,0.0
4983,Bi2F7K,0.022849082946777344,0.0
4042,Nb2PS10Tl,1.3311322927474976,1.3499
3447,Cl3Rh,1.7038003206253052,1.7378
3615,INTi,0.0038591623306274414,0.0312
4735,TaTe2,0.013508081436157227,0.0
4750,As2Sn2Sr,0.9621290564537048,0.9359
4141,O4PSb,3.615583896636963,3.1908
4420,HBr2Zr2,0.002645254135131836,0.0
4136,Ba2CuO6Tl2,0.013172745704650879,0.0
3925,H6CdO7P2,4.503120422363281,4.4815
4443,O2Ti,2.6890618801116943,2.7076
4617,MgO6V2,2.8024353981018066,2.8618
3836,Te5Zr,0.018584370613098145,0.0226
5832,F7Fe2Li,3.4666852951049805,3.5735
4712,HfSe4Te,1.0901421308517456,1.1005
4913,ClInTe,1.9937173128128052,1.9407
4046,Cr3O16Sb5,0.005860447883605957,0.0
4558,IrNb3S8,0.009014725685119629,0.0
4191,Br3Li6N,1.8690576553344727,1.8215
4636,H2O2Pb,3.045731544494629,3.0542
5195,Cl8Nb3,0.15300607681274414,0.2369
4525,As4Cl2Cu2S3,1.1403367519378662,1.1628
3086,OPYZn,1.5480798482894897,1.5894
5751,H4CaCl2O2,5.046952724456787,5.0419
5102,BrF3RbSb,3.738101005554199,3.7601
5500,CuO3Si,0.041216254234313965,0.107
3022,NbTe2,0.012267708778381348,0.0
3170,CdClO,0.19190537929534912,0.1529
4533,Ba3Br2In2O5,1.6287152767181396,1.5442
5493,Al2FeS4,0.0016251802444458008,0.0
5095,AgCl,1.0329195261001587,0.9837
5258,CuS2Sb,0.3910667896270752,0.3733
3559,H4CaO6S,4.339284420013428,4.2664
3426,O9SZr3,3.8855910301208496,3.8145
4705,I2Zn,2.0029358863830566,2.0149
5717,BiF4K,0.28883302211761475,0.8259
5108,F5LiOV2,1.9378422498703003,2.0333
5105,SeSn,1.1971359252929688,1.1474
4721,BrClPb,2.369187355041504,2.3673
4062,F4Ru,0.19263207912445068,0.5458
3907,INZr,1.6398440599441528,1.832
3583,Se2W,1.5728968381881714,1.5272
5228,CuITe2,0.8616543412208557,0.8589
3315,O3SiZn,3.1858627796173096,3.259
3746,IrTe2,0.009620189666748047,0.0
3201,Al2S4Zn,0.012610793113708496,0.0
5331,O3Pb2,1.9925596714019775,1.8143
3126,In2Te3,0.007908344268798828,0.0
5676,Co3O16Te2V3,0.239166259765625,0.4642
3598,I2OTa,0.9205276370048523,0.9412
5120,AgHgIS,0.9035415649414062,0.8623
4244,PtTe2,0.6765810251235962,0.6532
4710,FOTi,0.001482844352722168,0.0
3178,CY2,0.009036064147949219,0.0
5371,AsNaO2,4.309426307678223,4.3315
4218,O3RbReS,2.6991801261901855,2.7504
5277,O3PdSe,0.9353302121162415,0.4524
3755,AgI,2.0821290016174316,1.7484
3400,CuF6Ti,0.38721609115600586,0.6249
5825,AgP2S6Sc,2.156486749649048,2.0441
3969,O11Pb9Ti,2.7585926055908203,2.773
3495,AuSe,1.109606385231018,1.2376
3278,In2MgSe4,1.2195910215377808,1.2458
4278,CrPS4,0.7169039249420166,0.7349
3966,GeTe,0.9800494313240051,1.7502
4647,H2CaO2,3.820643901824951,3.9134
4958,ClO3SbTe,3.1668546199798584,3.2204
4890,HNaO,2.7642712593078613,2.5953
3933,BaCaI4,3.718682289123535,3.7336
3444,GeI2,2.1630172729492188,2.1318
4837,H2O7Ti3,2.6675477027893066,2.5071
4994,Al2O3,4.262057781219482,3.6887
4339,FeS2,0.004977703094482422,0.0
4325,Bi2F7K,0.022849082946777344,0.23
5893,BaCl11Y3,3.9141125679016113,4.0264
5161,F4Zr,4.1383376121521,4.3479
3743,GeMgMn,0.0050400495529174805,0.0
4950,AgBrO4,1.420673131942749,1.4662
4189,Au2O10Se3,1.0414628982543945,1.0184
4450,Bi2STe2,0.8023173809051514,0.5733
4947,AuI4Li,0.863369345664978,0.8539
4749,F5LiMn,2.173468828201294,2.3728
5135,AsO4Tl,1.6385302543640137,1.4709
3721,BiClTe,1.7771120071411133,1.8037
4840,O7STe2,3.414623737335205,3.2462
4848,ClCuTe2,0.7675143480300903,0.7781
5490,Li2S4W,2.3235456943511963,2.2883
5388,Ag3S3Sb,1.8391635417938232,1.7199
3448,InSe,1.7148807048797607,1.538
4846,FeNbTe2,0.005269169807434082,0.0
5732,Nb2SiTe4,0.4507817029953003,0.5205
4953,Cl3InSn,2.59674334526062,2.6639
3082,FeO2,0.0970010757446289,0.3937
4256,CAgNS,2.7652463912963867,2.7262
4685,Sb2Se2Te,0.6702520251274109,0.706
4747,NaO2Sb,3.3808095455169678,3.4087
5625,Mn2O13P4,0.5208127498626709,0.8442
5067,H2Mg5O6,2.6823043823242188,2.6086
3965,Bi2O9Si3,4.222103118896484,4.2462
4444,Pd2Se3Tl,0.9480010867118835,0.9563
3422,CaS9Sn4,0.929580569267273,0.9169
3134,MgTi,0.002535104751586914,0.0
5724,Cl12OsTe2,0.009157657623291016,0.0
5875,Li3O18P6Sn,0.5179870128631592,0.4953
4937,CoI2,0.008266448974609375,0.0
4070,FMn5O9,0.5725992918014526,0.704
4121,CuLiO,1.3021535873413086,1.2528
3358,Mg5Y,0.008072495460510254,0.0
3180,Al2S5Zn2,1.030592918395996,1.2347
5476,AgFeS2,0.005252838134765625,0.0
3830,I7Nb3Te,0.6205986738204956,0.6069
3277,Al2S5Zn2,1.030592918395996,1.5795
4178,C2HO3Sn,2.4952878952026367,2.5969
4700,Cl6LiW,0.06919622421264648,0.0743
5159,Cl3HgNa,2.8642454147338867,2.8327
4672,CuLiO2,0.7726432085037231,0.6372
5042,KO5Sb3,3.0877833366394043,3.2634
5909,I6SSn4,1.7207669019699097,1.7064
3034,PbS,1.831871509552002,1.7007
3339,Al2S5Zn2,1.030592918395996,0.0
4575,H6CoO8Se2,2.837557315826416,2.9574
5517,AgBiO2,0.03758955001831055,1.991
5696,O10P3Sn2,2.650874376296997,0.0
4993,HCuO2,0.9772247076034546,0.787
4049,H6CaO7P2,5.064813137054443,4.9499
3296,BNaO8S2,5.982803821563721,6.0073
3504,ClOTi,0.006739497184753418,0.0
5474,FeSe,0.0037217140197753906,0.0
4069,CClCuO,2.3689894676208496,2.4835
3708,F4Sn,3.8775382041931152,3.9144
3778,H2O4SeZn,4.47219705581665,4.4671
3067,CoO2,0.013786673545837402,0.0
3245,HfTe5,0.009078621864318848,0.0
3972,Bi2PbSe4,0.9079515337944031,0.9501
5077,Br7Re3Te7,1.1559590101242065,1.1539
3503,LiO5V2,0.44475507736206055,0.707
4802,Nb2Te3,0.010084271430969238,0.0
4651,C2H6CaO7,3.453737258911133,3.5204
3793,ClNa2,0.005567431449890137,0.0
3873,HO4PSn,3.464353084564209,3.645
4895,GeSn,0.3620188236236572,0.2159
5431,SZn,-0.0025200843811035156,0.0
5297,Ge2Nb2O7,1.4235590696334839,1.4946
3520,Sb2Se3,0.8237253427505493,0.8755
4859,Cl2Cu3O6Se2,0.019632458686828613,0.0
5591,Al2O11Si4,4.431419372558594,4.2978
5160,CNNaS,4.127462863922119,4.105
5202,Cl2Pt,0.015451788902282715,0.0325
3573,BiCuS2,0.1703014373779297,0.2448
4237,CBrY,0.002288222312927246,0.0
3838,InS2Tl,1.6609587669372559,1.5931
5749,I2Pd,1.145875334739685,1.1895
4112,CrSiTe3,0.6171599626541138,0.5924
3399,AsCoLi,0.0014725923538208008,0.0
5658,Cl7FeSe,1.2360683679580688,1.2459
5582,Br2Fe,0.011172175407409668,0.0
5068,F3OSb,2.673373222351074,2.732
4409,CoI2O6,2.450839042663574,2.5853
4907,O7Si2SrTi,3.6221747398376465,3.6174
5719,Hg3O10Se3,2.520397186279297,2.3436
3741,H2O6P2Zr,4.13999080657959,4.134
3665,IO3,2.1790683269500732,1.9443
5189,Ag3IS,0.6945481300354004,0.6053
3079,MoO4Zn,3.177130699157715,3.0685
4684,ClY,0.0024042129516601562,0.0
4673,KSb2Se4,1.3478295803070068,1.3655
3508,O5P2,5.405759334564209,5.2256
4472,Bi10Ca2O17,1.8382840156555176,1.9624
3173,MgTi,0.002535104751586914,0.0
3772,O3Tl2,0.8568577766418457,0.6627
3941,S3SnTl2,1.3685369491577148,1.3332
3998,Cl2Mg,5.38179349899292,5.3366
4086,STl2,1.5413841009140015,1.4533
4023,H2FeO2,0.008992552757263184,0.0
3485,O3Tl4,1.226345419883728,1.1298
3689,CuSbSe2,0.1240687370300293,0.1523
4565,AuBr,1.9549044370651245,1.9037
4165,AgFO2,0.0235060453414917,0.0
3463,PSi,1.9692344665527344,1.9514
5755,IO2,1.9721450805664062,1.7444
4114,C4BKO8,2.7324776649475098,2.9249
3199,PbS,1.831871509552002,2.2504
3686,Cl3Re,1.2185635566711426,1.2066
4416,CoO3Sr2,0.6595810055732727,0.8491
4562,F3LiOV,2.066887855529785,2.1386
3600,Cl3Mo,0.12381887435913086,0.1261
3272,MgSb,0.0026210546493530273,0.0
5130,BBiO3,1.9868552684783936,3.7412
3567,F2O3Te2,3.3225975036621094,3.2906
4052,GaS,2.3869783878326416,2.3015
3337,CaMg,0.0018030405044555664,0.0
3662,NaO2S,2.269484519958496,2.3045
3222,MgTi,0.002535104751586914,0.0
4931,BrCuSe2,0.7899901866912842,0.7596
4792,B2Hg3O6,3.443441390991211,3.4067
4038,FePS3,0.003794431686401367,0.0
3618,OSn,2.183831214904785,3.0232
4741,Se2V,0.009464621543884277,0.0
3319,GeTe,0.9800494313240051,0.9309
4531,CuFO2,0.9504517912864685,0.8411
4586,Cl8Hg2PdRb2,1.5515936613082886,1.5561
5773,AlBiCl6,3.980384349822998,3.998
3637,HISr,3.946920394897461,3.9292
3000,Ga2S5Zn2,0.018784403800964355,0.0
3231,CdS,1.727525234222412,1.6772
4392,H6CaO9P2,4.527775764465332,4.5598
3459,NaO8Sb5,2.9022793769836426,2.9357
3487,CIY,0.0007787942886352539,0.0
3897,H4INaO2,3.952780246734619,3.8925
3474,CdCl2,3.798222064971924,3.9477
3858,ORb2,0.34115612506866455,0.3167
4762,ClFPb,2.865265369415283,2.9024
5355,GeO3Ti,1.7382371425628662,1.8012
3779,AsO3Sb,3.947667121887207,3.9209
4547,ClHfN,3.5277023315429688,3.463
3537,KNb3O8,2.391111373901367,2.4264
3521,Ni2ScSi3,0.005043387413024902,0.0
5437,CaI4Pb,3.0108678340911865,3.0145
4845,Te3Y,0.011609554290771484,0.0
3788,AuPS,0.9684473276138306,0.7426
3211,KO4P,0.0022177696228027344,0.0122
3763,AlO2,0.019847631454467773,0.0
5299,BiO3Y,3.362362861633301,3.3883
5510,C6FeN6Pb2,3.3336892127990723,3.3292
4560,AsNaO2,4.309426307678223,4.2768
3975,Bi2O5Ti,1.9418362379074097,1.9854
4984,Ni2SbTe2,0.0032438039779663086,0.0
4289,CuLiO9P3,0.59661465883255,0.4016
3251,Bi2Mg,0.002133011817932129,0.0
5409,Co3LiO6,0.6375454664230347,0.5117
3822,As2S6SnTl2,1.7691700458526611,1.6514
3675,HgI2,1.9295969009399414,1.8585
4096,AgBiO2,0.03758955001831055,0.0395
5417,O13Re2S2,2.454406976699829,2.3877
4039,MoO3,1.013938546180725,0.6776
3789,H4CdO4P2,4.527008056640625,4.554
3842,Co2O8Te3,2.291532039642334,2.4755
5072,HSi3,0.7475443482398987,0.9227
4751,O13V6,0.012384653091430664,0.0
5535,CdPSe3,1.5141786336898804,1.5337
5543,As2K2Pd,0.4182635545730591,0.4231
3148,CdO2,0.04869437217712402,0.0449
4233,BrOSc,3.280428409576416,3.4976
3690,CuLiO6P2,0.6282060146331787,2.4231
3950,C3I6OY7,-8.475780487060547e-05,0.0
3875,BiIO3Te,2.2822842597961426,2.4013
3249,O7SrTa2,0.039042115211486816,0.0
3912,AsO2Rb,4.149916648864746,4.1262
4814,H2O7SrTa2,2.164391040802002,2.2241
5735,Cu2F7Li2,0.00866544246673584,0.0
3678,CuInP2Se6,0.5709238052368164,0.5504
3628,AsGeSe,1.7533488273620605,1.7884
3928,Br5Te2Zr,1.008043885231018,1.1226
4408,CrMn2O6,0.5106358528137207,0.74
5400,I3NaO8,3.457766056060791,3.421
4007,LiO3Te,3.846022605895996,2.5377
4743,F2NbO,-0.004011869430541992,0.0
3683,O2Te,2.735100030899048,2.5369
3502,S2Ta,0.010965585708618164,0.0
3819,Br2Ca3Cu2O4,0.010827779769897461,0.0
5413,BiBrCdSe2,0.6941900253295898,0.7898
5279,I7OY3,2.532407760620117,2.5761
4369,H2Mg2O3,2.639404773712158,2.6736
4246,IOY,3.1752867698669434,3.5429
4229,CuLiO2,0.7726432085037231,0.625
3575,Cu2O4S,2.2439582347869873,2.1968
3196,LiMnSe2,0.008609652519226074,0.0
3284,AuCuSn,0.011453509330749512,0.0
3465,AgClO2,0.03329932689666748,1.3769
5768,P3S9Zn2,1.8026832342147827,1.7018
5370,H4BaO3,3.7254276275634766,3.7203
3481,Ag2FIO,0.8466087579727173,0.8868
4452,Mo3O8,1.4758923053741455,1.2461
4214,ClCuSe2,0.7500234246253967,0.7783
4940,H3AlO3,4.334339141845703,4.1711
5898,BiFO,3.2638750076293945,3.2822
5359,MoTe2,0.9476625919342041,1.0563
3390,CoTe2,0.00746917724609375,0.0
3138,N3W2,-0.004537701606750488,0.0
5907,Cu2O4W,0.8459653854370117,0.7605
4686,BiGaIn2S6,0.48657262325286865,0.5896
4305,AlF3,7.713410377502441,7.7803
3982,C,0.006376147270202637,1e-04
5631,Li2O12P4Sn,1.0172579288482666,1.3024
4511,O5Te2Tl2,3.2296156883239746,3.1308
4050,H2Mg3O12Si4,5.41022253036499,5.3821
4808,Bi2SeTe2,0.8603673577308655,0.883
5136,In2S4Zn,1.9216641187667847,1.8671
3472,AgF12Ta2,0.5923709869384766,0.7224
3462,Bi2STe2,0.8023173809051514,0.9331
5529,Cu2IO3,0.013623237609863281,0.0
5715,H4BrNaO2,3.8886799812316895,3.8636
3854,I2MgO6,3.5291049480438232,3.3735
4487,Cl3InPb,2.700983762741089,2.7867
3434,SiTeZr,-0.00019025802612304688,0.0
3531,Se2Zr,0.4095495939254761,0.4588
3569,HCuFO,0.5136680603027344,0.2147
5601,ClCuHgSe,0.8559199571609497,0.8203
3088,GaTe,1.6753097772598267,1.4595
3655,MnMoO6Te,2.0871386528015137,2.1897
3809,Br2Mg,4.821990013122559,4.851
5892,GePb2S4,1.9551701545715332,1.9672
5281,BS2Tl,1.8411600589752197,1.8056
5141,OS2Sb2,1.787984848022461,1.8263
4791,H6HfNa2O6,3.650406837463379,3.6071
4765,Cl3GeIn,2.691782236099243,2.7402
3860,CNb2S2,0.2163083553314209,0.1861
3765,Cl3Ir,2.1224491596221924,2.134
4742,AsClHg3S4,2.2334232330322266,2.1443
4331,CrF2,2.9557275772094727,3.0559
3539,I3Sb,2.169128894805908,2.1727
3696,IrTaTe4,0.014491915702819824,0.0242
4181,HgPSe3,1.3952088356018066,1.3626
5206,I3Sb,2.169128894805908,2.109
5491,I,0.14059948921203613,0.9824
5467,PPdS,0.9665969014167786,0.0
4372,Br2CuO2Sr2,0.00791478157043457,0.0
5497,CBi2O5,-0.0013595819473266602,0.0
4944,CaI4Pb,3.0108678340911865,2.9792
5633,LiO12P4Sb,3.6643967628479004,4.6192
4156,F4LiO2Re,3.0356736183166504,3.097
4869,HAlO2,3.4080605506896973,2.7775
3643,SSn,1.7314364910125732,1.5596
3735,H8Al2Mg,4.600924015045166,4.6441
4961,CuI,2.0901310443878174,2.0219
3952,Br2O11Te6,2.498417615890503,2.4001
3532,Al2MgS4,2.0859105587005615,2.1091
3155,MgSb3,0.005959868431091309,0.0
3515,BiS,-7.593631744384766e-05,0.0
5107,HO2Sc,3.9683423042297363,2.1697
3130,MgSn,0.0020319223403930664,0.0
3202,CaMg,0.0018030405044555664,0.0
4535,S3SnTl4,1.051546573638916,1.0172
3006,PdS2,1.236485242843628,1.2153
5286,F4FeLi,3.1666226387023926,3.2137
3273,N2Pb3,0.023408055305480957,0.031
5787,Ge2Se5Tl2,1.98316490650177,2.0828
5602,Cr4Li2O13,1.6428031921386719,1.7403
3424,NiTaTe2,0.007720470428466797,0.0
4272,CaK2N4O8,2.2930376529693604,2.4073
5826,Br3Fe,0.024109721183776855,0.0401
5367,Br6NaO2W2,0.014290452003479004,0.0
5269,CCl8Sc5,0.010590076446533203,0.0
4354,O8SeTe3,2.944873332977295,2.7611
3784,Bi2O4Sr,2.618894100189209,2.6793
3538,Cl3V,0.008395791053771973,0.0018
3579,BiITe,1.6248217821121216,1.5744
3218,MnNaTe2,0.0001647472381591797,0.0
3617,BiI3,2.545158863067627,2.5334
3475,CuTe,-0.006257534027099609,0.0
5391,IOY,3.1752867698669434,2.5913
4841,H4O4P2Zn,4.593570709228516,4.6409
3224,HNaO5Ti2,-0.01070559024810791,0.0
5396,I5Ta2,0.011264562606811523,0.0031
4694,H16Fe3O16P2,2.188375949859619,2.3251
4889,C2Cu2LiO6,1.3078655004501343,0.0
3219,Ag2IO6,0.0071942806243896484,0.0
5472,H5W,0.0166093111038208,0.0
3362,Br,0.14984416961669922,0.0
3973,HgINO3,2.4231204986572266,2.4063
3659,Nb2Se3,0.011744499206542969,0.0115
3527,INZr,1.6398440599441528,1.3414
3488,Ge3O9Sb2,4.031599998474121,3.9732
4400,H6FeO9P3,2.758578300476074,2.9352
4388,CuF4Li,0.020292043685913086,0.0
4001,HCdClO,2.5809333324432373,2.5718
5635,O5PV,2.0699942111968994,2.5102
4527,Cl2O4Sr,2.8680238723754883,2.8197
5763,Ca2MgO7Si2,3.1807572841644287,3.1476
3800,HgPS3,2.0631051063537598,1.9053
4177,CaO2,2.9922423362731934,2.9144
2989,Te2V,0.006732583045959473,0.0
4152,AlBMo,0.0036417245864868164,0.0
3751,ITl,2.7503514289855957,2.7058
3519,GaSe,1.884675145149231,1.8934
2992,H2O3Ti2,0.0009981393814086914,0.0
5521,MnSnSr,5.817413330078125e-05,0.0
5838,AsHg3S3Sb,1.553130865097046,1.4957
3046,CuNb2S4,0.012541413307189941,0.0
3398,MoSe2,1.484241247177124,1.4238
3215,Se3SiTl2,2.2062392234802246,2.1983
3866,F3PbRb,4.104977607727051,4.1896
4861,NbNiTe5,0.012724041938781738,0.0
4013,Bi2O3,2.4164845943450928,1.0835
4879,H3AlO3,4.334339141845703,4.412
5571,Br2Hg,2.1304893493652344,2.0855
4738,BrOY,4.268383502960205,4.3099
5730,PtTaTe5,0.014833927154541016,0.0
5734,Bi2S3,1.4885509014129639,1.4831
3608,As2Ge,1.2223496437072754,1.1962
3510,F3Tl,2.6306867599487305,2.5628
3712,CaMnSi,0.0018068552017211914,0.0
3516,Cl2Co,0.018882274627685547,0.1097
4247,BiIMnSe2,0.005984067916870117,0.0017
4235,S3Ti,0.25067782402038574,0.2755
3681,I2Ni,0.03961741924285889,0.1422
4652,AsLiO3,3.7156834602355957,3.6967
5806,Bi2Ge3O9,3.926604747772217,3.9258
5247,S3Ta,0.01728534698486328,0.0
5512,FeS,0.0031865835189819336,0.0
3366,NiTe,0.00510716438293457,0.0
4075,O3SbTl,3.0535030364990234,2.9522
4253,AgGeO3,0.013452529907226562,0.0
4596,BrMnSbSe2,0.04792988300323486,0.1153
4040,H16Mg3O16P2,3.7726125717163086,3.7554
3096,Cu2Se4W,1.3214446306228638,1.2721
4733,As2Ge4Te7,0.4503854513168335,0.4222
4616,FTl,3.625579833984375,3.6288
3341,GeS2,1.3859761953353882,1.4089
4701,HSi,2.2251858711242676,2.1852
4948,CrSe,0.004810333251953125,0.0
3861,Bi2O13P4,4.109335422515869,4.1929
4080,BrHgI,2.2570433616638184,2.2286
3985,H2O7Ti3,2.6675477027893066,2.9741
3133,Pb,0.015936851501464844,0.0
5530,AgP2S6V,0.013951420783996582,0.0
4690,BrOSb,1.7321897745132446,1.7199
5282,F6Li2O3Ta2,3.644662857055664,3.8053
3983,Ba2LiN,0.0006242990493774414,0.0
5532,MgNaSb,0.0040585994720458984,0.0
4723,Br2NbO,0.8268772959709167,0.8354
5654,Cl2Cu3O6Se2,0.019632458686828613,0.0584
4639,H4Al2O9Si2,4.528019428253174,4.4814
3446,Bi2Se3,1.1005258560180664,1.2774
5584,H4Mg3O9Si2,3.8028993606567383,3.7283
3588,Cl2NSc2,0.0025560855865478516,0.0
2988,Al2S5Zn2,1.030592918395996,1.0572
2993,SeTi,0.0035001039505004883,0.0
3506,BrCu,1.6270204782485962,1.599
3987,FeP2S6,0.03696489334106445,0.0648
4902,AsHg3ISe4,1.8472634553909302,1.7855
5846,HClZr,0.004994511604309082,0.0
3346,GeHg2O4,2.578502655029297,2.4807
4032,F6PbZr,5.216423988342285,5.3222
3028,Ga2S4Zn,0.010551214218139648,0.0
4930,IMnSbSe2,0.01838815212249756,0.0738
4370,AgAuCl4,0.8347047567367554,0.8121
4048,H2O5Si2,5.680553436279297,5.7003
4161,I2PdTe,0.5237724781036377,0.5474
5577,BiLi3S3,2.714080810546875,2.7006
4330,F4V,1.8859446048736572,2.3711
3418,Cl2CuO2Sr2,0.007550835609436035,0.0
3024,NbTe2,0.012267708778381348,0.0
3545,AlClO,5.864845275878906,5.8584
3957,Bi2O3,2.4164845943450928,2.3691
3064,Ga2S5Zn2,0.018784403800964355,0.0
3168,PtSe7Ta2,0.016999125480651855,0.0144
3572,S3Sb2,1.1838884353637695,1.2273
3081,PbS,1.831871509552002,0.9398
4251,Ba2CuO6Tl2,0.013172745704650879,0.0
3343,Ga2Mg,-0.009089231491088867,0.0
3191,MgY,0.000718235969543457,0.0
4377,H3AlO3,4.334339141845703,4.0626
4348,F4Pb,2.4579548835754395,2.5194
3109,Se,0.0016338825225830078,0.0
4724,HCuO2,0.9772247076034546,0.7428
5357,LiNiP2S6,0.022935032844543457,0.0319
3062,PbSe,1.337019920349121,1.3248
5336,CuMoO4,0.32608306407928467,0.4309
3833,CCuLiO3,2.0850906372070312,2.0964
5048,CLi4O4,3.299001932144165,3.3461
5052,CrGa2S4,0.0034238100051879883,0.0
4236,Cl6HfTe4,1.1577839851379395,1.1898
3857,BiBr3,2.9035608768463135,2.9703
4016,Al2Mg2Se5,1.202898383140564,1.2615
3748,BrFSr,5.368963241577148,5.4039
4264,Sb,0.06672418117523193,0.0
5423,B2Bi2O7,2.3547186851501465,0.0
4210,F7KO4Re2,2.9396636486053467,3.1559
3089,In2MnSe4,0.009030461311340332,0.0
3142,Te,0.002413034439086914,0.0
5291,C2H3KO3,4.521444320678711,4.6766
3310,CaIn2N2,-0.006085634231567383,0.0
3456,ClRhTe,1.0855995416641235,1.1188
3584,H2CaO2,3.820643901824951,3.6708
3827,BrMoTe4,1.076780080795288,1.0145
4259,Se2Ta,0.015920162200927734,0.0
5399,Bi2PbTe4,1.0474599599838257,1.045
3288,CoGeMg,0.0036454200744628906,0.0
3177,Br2MoO2,1.1659672260284424,1.1625
5495,F6TiTl2,3.788994312286377,3.8512
4457,H2O5Si2,5.680553436279297,5.6211
3326,Ga2S4Zn,0.010551214218139648,1.1143
4850,AgI,2.0821290016174316,2.0798
3073,SnZr,0.004862427711486816,0.0
3886,Ba2O4Ti,1.9758970737457275,1.9356
4630,Bi2O9SrTa2,2.328148603439331,2.2875
4413,HfSe2,0.6367621421813965,0.6556
4892,BiS,-7.593631744384766e-05,0.0
4401,BrZr,0.00490117073059082,0.0
3289,FeMg2,0.0108642578125,0.0
3217,CH,3.4438672065734863,3.4891
4695,C4N4NiTl2,2.4725091457366943,2.482
3120,CdZr,0.0025758743286132812,0.0
5237,AgBiP2S6,1.6421029567718506,1.4729
3167,F2O2Zn,0.010801911354064941,0.0
3871,C2N2NiS2,0.03571426868438721,0.2856
4441,O4SSn,4.044773101806641,4.19
3768,As2O3,4.103363513946533,4.322
3266,OZn,1.9151263236999512,1.678
3405,FIPb,2.3286609649658203,2.3601
3501,O5PV,2.0699942111968994,1.9341
3720,S2Ti,0.006395578384399414,0.0262
4149,Li2O8P2V,0.010697007179260254,0.0
3543,BS3Tl,2.2592780590057373,2.1367
3150,CdHf,0.002453327178955078,0.0
5174,C2MnO6,1.2245986461639404,1.4049
5780,Ag2S4W,1.0186837911605835,0.9264
3159,MnS4Sb2,0.9088680744171143,0.9429
3698,F3Sb,4.639319896697998,4.5992
4744,As2Se3,0.9393463730812073,1.6149
5516,CaGaN,0.002772212028503418,0.0
4391,CdI2,2.47943377494812,2.4768
5554,Pt2S3Tl,1.7008917331695557,1.662
3492,AsMnNa,0.000546574592590332,0.0
5335,H3AlO3,4.334339141845703,4.2635
5262,H2CaO6P,0.15686190128326416,0.2011
3626,BrF4Rb,3.328528642654419,3.3947
3389,FNTi,0.4434323310852051,0.6611
5294,Te,0.002413034439086914,0.0
4836,C3N4,2.0745127201080322,2.2661
3498,Li2O3Te,3.9641990661621094,3.9402
3186,HfSeSi,0.006353139877319336,0.0
5236,PdTe2,0.16428911685943604,0.1808
4171,O4PSb,3.615583896636963,4.3643
3406,Te3Zr,0.032779693603515625,0.0
4952,Br2Co,0.015846729278564453,0.0431
4923,H2Mg4O5,2.579040050506592,2.503
3108,CuMgO2,0.014196157455444336,0.0
3144,Bi2O3,2.4164845943450928,2.9846
4447,Cl2MgO,2.618802309036255,2.5719
3036,Bi2O6TiZn,-0.0009486675262451172,0.0
4963,H4Cl2O2Sr,4.665116310119629,4.657
3722,Br2Ti,0.008423447608947754,0.0
3719,Se2Ti,0.007035493850708008,0.0
4956,H4O3Sr,3.8184237480163574,3.7967
5085,Bi7Cu4S12,0.00716245174407959,0.0
4434,AgFO2,0.0235060453414917,1.0928
4730,PS4Sc,1.8699190616607666,1.9039
3116,SSb,0.004796028137207031,0.0
3131,F3Sc,6.049262046813965,6.0864
5503,InSiTe3,0.9159150123596191,0.8587
3128,CrSe2,0.008403897285461426,0.0
3734,Cl2Mn,1.7301738262176514,1.765
4176,H2MgO2,3.7755255699157715,4.0147
5220,BrMnS2Sb,0.07987082004547119,0.2462
5628,Bi4I,0.005662679672241211,0.0
3700,ClCuHgS,0.6587194800376892,0.6755
4098,H2Mg3O4,2.5428099632263184,2.5672
5849,IN2O6,0.010242819786071777,0.0
5193,Br2Zn,3.459115982055664,3.4767
3654,Ba2N,0.0023441314697265625,0.0
5450,ClReSe,1.6138570308685303,1.6093
5797,AgF7Ru,0.03698563575744629,0.0
5034,H2CuO2,0.48101770877838135,0.2416
3165,PbTe,1.3086787462234497,1.235
4031,H3O9P3Sb2,3.734701633453369,3.7504
4290,NbS3,0.4545764923095703,0.4068
4717,Cr3Te4,0.002558469772338867,0.0
4492,Bi2Se2Te,1.069171667098999,1.1357
3091,N2O6Pt,0.011685967445373535,0.0
3457,C2O4Pb,2.946563482284546,2.9427
4753,AgBiCl2S,0.7573748826980591,0.7597
3393,P,0.9068170785903931,0.8524
3361,AuN2,0.009779691696166992,0.0
3229,SSi,0.4965132474899292,0.5016
5651,CuI2O6,0.34049272537231445,0.506
3602,O3Pb2,1.9925596714019775,1.8733
3187,IY,0.009839892387390137,0.0
5049,NbO5P,3.2009167671203613,3.301
3407,BrCrS,0.270915150642395,0.2928
5766,O3STl2,2.9504690170288086,2.967
2999,Ca2CoO3,1.0263521671295166,1.1445
3723,Cl2Mg,5.38179349899292,6.0688
4238,H4BaO4P2,5.269590854644775,5.243
3415,PdSe2,1.429919958114624,1.4254
3990,Fe2Ga2S5,0.010665655136108398,0.0
3627,CuI,2.0901310443878174,2.0728
5456,CuHgO2,0.013464093208312988,0.0
5207,AgClO2,0.03329932689666748,0.0
3922,AuNaO8S2,1.883683681488037,1.8368
4304,BiCaClO2,3.077620506286621,3.1975
3738,S2W,1.8763562440872192,1.8024
4262,H2CdO2,2.1796042919158936,2.2721
5623,LiO12P4Sb,3.6643967628479004,3.708
3227,PS3V,0.012220263481140137,0.0
3798,HfS3,1.1425869464874268,1.1468
4960,HCuO2,0.9772247076034546,0.0
4293,BrCdS2Sb,1.1361854076385498,1.1367
5627,CaS3Sn,1.187889814376831,1.765
4279,CAgNO,3.1498279571533203,3.2024
3867,H2I3KO,1.8041421175003052,1.9436
3283,Nb2PdS6,0.011766910552978516,0.0
5770,STl2,1.5413841009140015,1.4621
4222,F7Fe3O,2.689754009246826,2.7605
4509,Hg2O4Si,2.6117939949035645,2.5986
4777,P2Pd3S8,1.8983793258666992,1.7793
4390,C4BNaO8,2.8281030654907227,2.9269
5266,B2BiLiO5,2.884814739227295,2.9603
5901,LiO12P4Sb,3.6643967628479004,2.8648
2996,NiSbSi,0.003314495086669922,0.0
4358,CrP2S7,0.03191053867340088,0.036
4157,CdClS2Sb,1.2590218782424927,1.2569
5125,INbO2,0.8436826467514038,0.9231
3581,HCaI,3.847111225128174,3.8095
4706,CaI2,3.881911277770996,3.8625
3533,ClSc,0.007135987281799316,0.0
4798,AgClO2,0.03329932689666748,1.2302
5097,O7Ti2,1.5753980875015259,1.1969
5017,O8P2Pb3,3.398770332336426,3.4609
3421,Cl2Ni,0.6488353610038757,0.8106
5157,C2KN3,4.283102035522461,4.2912
3601,HGaO2,2.8942627906799316,2.8515
4977,NiTaTe5,0.011386752128601074,0.0
4476,Cl3Ru,0.011437773704528809,0.0031
3225,O2Zn,0.19890856742858887,0.2281
3835,BrNZr,2.334686279296875,1.736
5439,As2O5Pb2,2.992187261581421,3.0113
4661,Cl2Mg,5.38179349899292,5.4756
5134,O4WZn,2.394791841506958,2.3712
5729,O4PbSe,3.5784287452697754,3.4876
3709,BrInTe,2.1883790493011475,2.1671
3853,Cu2Fe4S7,0.008775115013122559,0.0
4891,H2NiO2,2.8286924362182617,2.9434
3365,BiFS2Sr,0.8158223032951355,0.8793
4734,C3N4,2.0745127201080322,1.1725
3367,AgF6Ti,0.17337989807128906,0.2086
5375,H2O8Pb4S,3.0254201889038086,2.8777
5429,HgO4Re,3.057124376296997,3.0104
3342,Al2S4Zn,0.012610793113708496,0.0
3119,B2O9S2,7.065382480621338,7.0669
3232,Cl2Pd,0.9296581149101257,0.9214
4451,CaS3Sn,1.187889814376831,0.103
4167,O2Pt,1.8254438638687134,1.7371
5109,BaCu,0.006946682929992676,0.0
5642,HAuO2,1.0082162618637085,0.5255
4442,Bi2Se3,1.1005258560180664,0.8891
3209,CdCl4,0.29023969173431396,0.2847
4987,FO6STc,2.6841726303100586,2.8269
3658,OPb,2.6619462966918945,2.6469
5128,HO2Sc,3.9683423042297363,4.1941
3810,PS3Zn,2.1120636463165283,2.1485
5165,Bi2SnTe4,0.8108633756637573,0.7931
3801,CuGe4Zr2,0.007239222526550293,0.0
4708,ClOY,4.959161281585693,4.9464
3568,CaMgO6Si2,3.8606739044189453,3.9166
3623,CN2Pb,2.090059995651245,2.0599
2981,GaN,2.188594341278076,2.1592
3586,Cl3NY2,2.2224159240722656,2.1569
5702,AgBi2F12,0.32830333709716797,0.3638
3761,FTl,3.625579833984375,3.5771
5376,IOSc,1.8980400562286377,2.0127
3084,Ge,0.14670515060424805,0.0862
4082,O14P4Sn3,2.6362507343292236,2.9313
5459,I7SeTa3,0.6723707914352417,0.6888
4786,AuFO2,1.2969833612442017,1.3326
4641,I2Zr,0.40893399715423584,0.4323
3275,Ga2S4Zn,0.010551214218139648,0.0
3725,HClSc,-0.0010712146759033203,0.0
3197,Al2S4Zn,0.012610793113708496,1.6313
4597,ClNZr,3.055673599243164,2.7286
3846,AgF12Sb2,0.42724180221557617,0.4542
4243,I3O9Tl,2.590845823287964,2.5196
3140,Al2FeS4,0.0016251802444458008,0.0
5779,H4AlO8Se2,0.004618644714355469,0.0
3287,BCaO3,0.627758800983429,0.5147
4663,AsBrHg3Se4,1.9070086479187012,1.831
4399,NiPS3,0.011803269386291504,0.0473
3666,H3CaO4P,4.389782905578613,4.6119
3410,O4SiZn2,2.7704615592956543,2.8389
3101,ClNa2,0.005567431449890137,0.0
4436,AgClO2,0.03329932689666748,0.0131
3204,INa,3.8378148078918457,3.8631
3489,Cl6NaNb,2.1813650131225586,2.1949
4697,AgP2Se6V,0.03747427463531494,0.0956
3529,I2Mg,3.6581244468688965,3.6569
5819,Bi2Pt,0.004810929298400879,0.0
4996,CuSe,0.0016978979110717773,0.0
3796,H5As3O10,3.4678921699523926,3.4169
4679,BiBrMnS2,0.015228271484375,0.0
4497,AlSiTe3,1.3577704429626465,1.3273
3591,AgInP2S6,1.4996086359024048,1.3938
3790,SeTa2,0.0014379024505615234,0.0
5645,O5V2,1.7969398498535156,2.3522
3550,OPb,2.6619462966918945,2.6194
3677,NbO2,-0.005115032196044922,0.0
3265,HfTe3,0.014278411865234375,0.0
3029,Bi2Mg,0.002133011817932129,0.0
3824,H2O2Zn,2.3272180557250977,2.3383
3305,Fe2Ga2S5,0.010665655136108398,0.0
4582,AgI2,0.008708000183105469,0.0
5556,AgBiP2Se6,1.5008609294891357,1.4659
5555,Ni2TaTe2,0.0048444271087646484,0.0
3271,MgSn,0.0020319223403930664,0.0
4810,As2S3,2.1043810844421387,2.1307
4118,F2OTi,3.6771559715270996,3.8321
3276,PtSe2,1.3619287014007568,1.3516
3826,Br4InNa,3.173691749572754,3.1802
5238,IrNbTe4,0.015881061553955078,0.0287
4790,SeSn,1.1971359252929688,1.588
3785,B2S3,1.8171048164367676,1.8595
3110,MgSb2,0.0053708553314208984,0.0
5313,I4InLiO12,3.0263214111328125,3.1383
3979,CrO10TiV2,1.3871781826019287,1.4589
4323,AgCuO2,0.033545851707458496,0.0
4127,CrTe3,0.32005882263183594,0.2795
4516,FeS2Tl,0.007580161094665527,0.0
3384,Mg6NaO7Rb,0.0026443004608154297,0.0
4281,H2O4Te,2.336967945098877,2.0251
3345,Sb,0.06672418117523193,1.2203
3260,BrHgS,1.0974218845367432,0.0
3207,MgTi,0.002535104751586914,0.0
4979,GaI7Te,1.9741278886795044,1.9303
4894,H3AlO3,4.334339141845703,4.4537
5265,CdGaInS4,0.0039348602294921875,0.0
3292,CuSr,0.0064868927001953125,0.0
3052,Br2MgO6,4.273544788360596,4.2246
4213,SeV,0.005048871040344238,0.0
3172,S2Ti,0.006395578384399414,0.0
3043,Cl2NbO,0.7611713409423828,0.8247
3947,Cu2F5Li,0.0033631324768066406,0.5163
4634,Bi10Ca2O17,1.8382840156555176,1.9843
5350,I3NbTe,0.5610151290893555,0.5801
5760,O6Pb3S,3.0021164417266846,2.773
3774,Cl7Nb3Te,0.7297261357307434,0.7476
3752,ClNZr,3.055673599243164,3.1782
3023,HfNO3Ta,2.0383307933807373,2.1169
4664,AsBrCdHg,1.3988361358642578,1.3832
5619,MoTe2,0.9476625919342041,0.0
3100,PS3Sn,1.521521806716919,1.347
4624,AgClO2,0.03329932689666748,0.1862
5526,FeLiP,-0.002291440963745117,0.0
3594,As2GeTe4,0.7139272093772888,0.6518
3802,C6FeN6Sn2,3.5905065536499023,3.6406
4541,AgGaP2Se6,1.00502347946167,0.9722
5479,As2Si,1.3682835102081299,1.3449
3619,Ca2Cl2CuO2,0.010241270065307617,0.0
4285,IrNb3Se8,0.014078974723815918,0.0
4250,B2BaSe6,2.194232702255249,2.1729
5507,Br3CaIn,2.78444766998291,2.8152
3730,Br2Ni,0.3431863784790039,0.5054
3432,NbPdTe5,0.013651013374328613,0.0
3113,CoO6V2,1.3361990451812744,1.5327
3380,HfSe3,0.32518279552459717,0.3603
3718,Ca2N,0.00028634071350097656,0.0
3638,H4CaO6Se,3.954925537109375,3.944
4921,CaF6Sn2,3.9645895957946777,3.9867
3279,F4Nb,0.004756927490234375,0.0
3015,Ga2S6Zn3,0.02398848533630371,0.0
5896,CuO3Se,0.037596702575683594,0.0
4801,H2BLiO4,3.7828049659729004,3.5958
3558,AlI2Pd5,-0.0027729272842407227,0.0
4739,AgNO3,2.367072105407715,2.3217
4610,PPdSe,1.1099083423614502,1.0372
3997,H2O7Ti3,2.6675477027893066,2.9322
3090,BPt2,0.006610989570617676,0.0
5333,H2CdO4Se,4.253637313842773,4.2024
3445,SY,0.004297018051147461,0.0
5229,AsO4P,4.274978160858154,4.1621
4590,CdTi,0.005361676216125488,0.0
5025,F2LiO2V,2.196279525756836,2.3533
5683,TaTe2,0.013508081436157227,0.0
3453,I2Pb,2.5761427879333496,2.5868
5123,FSbSe2Sr,0.03247213363647461,0.0582
4215,GeS3Tl2,2.263695240020752,2.2527
3596,Cl2Ti,0.013112902641296387,0.0
5621,AlI4In,2.8414580821990967,2.8517
3040,LiMg2,0.003467082977294922,0.0
4287,O5V2,1.7969398498535156,1.7748
5502,CHKO3,4.37487268447876,4.4708
4144,GaGeTe,0.7489279508590698,0.7689
4851,Br2Ca2CuO2,0.010712265968322754,0.0
5533,NaOSn,0.0016696453094482422,0.0
3896,H3F4NZr,5.112452030181885,5.041
5918,Cu3F5O,0.03206503391265869,0.0
4203,BaFSbSe2,1.191001057624817,1.3235
4291,H9ClO5Sr,4.830009937286377,4.7732
3303,CoGe2Y,0.004843354225158691,0.0
4702,Cl2Zn,4.336989879608154,4.3187
3733,CI5Y4,0.022109031677246094,0.0
4584,CoPS3,0.0054253339767456055,0.0
3633,FISr,4.634618282318115,4.6395
4175,FLi2O2V,0.3292771577835083,0.6012
4340,Ta2Te3,0.011469364166259766,0.0
5841,CaO3Te,3.4655895233154297,3.3697
4275,BrHfN,3.1405038833618164,3.135
3674,GeNb2Te4,0.4766826629638672,0.4304
3607,Br3Rh,1.4235519170761108,1.4985
3663,Cl2ORu,0.011891484260559082,0.0
3112,Mg5Ti,0.016998291015625,0.0
5665,Cu2O4W,0.8459653854370117,1.6563
5145,BrCuTe2,0.8346819281578064,0.813
3797,H4CaO4P2,5.571459770202637,5.5087
4482,H2Ca3O6,1.8910034894943237,1.7766
3313,C2CaN2S2,3.904815673828125,3.8828
5121,ClFSn,2.489861011505127,2.5689
4041,F5O5Ta3,2.03311824798584,2.2029
3182,LiMg6O7Rb,0.0041207075119018555,0.0
3672,Ca3Cl2Cu2O4,0.008099079132080078,0.0
4012,AuSe,1.109606385231018,0.0
4704,Se2Sn,0.8225972652435303,0.7975
4019,H4CaO6P,0.19969677925109863,0.1387
5747,AgCrP2S6,0.9619526863098145,0.9681
3139,MoS2,1.7426130771636963,1.6533
4534,Br7FeTe,1.0290073156356812,1.043
5091,H2ILiO,3.088542938232422,3.1079
5746,BiKP2S6,1.772391676902771,1.7368
4326,CaCl3Tl,3.5733466148376465,3.5637
3794,Br3Ti,0.010148167610168457,0.0
5163,Br2O2W,0.8427035808563232,0.8547
5757,HLiO4S,5.308667182922363,5.3467
5312,ClOSc,4.0458855628967285,4.0804
5178,Pt2Se3Tl,1.4097012281417847,1.411
3001,BiS,-7.593631744384766e-05,0.0
3639,HLiO,3.9603705406188965,3.9169
3461,Au2CaF12,1.6035420894622803,1.6539
3914,AgBrHgS,1.217923641204834,1.2353
3054,O3SnZn,2.2837703227996826,2.2972
4514,Mo2O8Zr,3.4055263996124268,3.2029
3268,NSr2,0.010693192481994629,0.0
3670,AlCl3,5.454586029052734,5.524
3961,Br4NbOTl,1.152390956878662,1.2074
4500,Se3Ta,0.020111799240112305,0.0
3436,As,0.9656827449798584,0.6292
5607,BrCuHgSe,0.881238579750061,0.9406
3685,Br2Cd,3.310098886489868,3.286
4208,Hg3O6S,1.3426125049591064,0.9359
5271,AgAu2S2,0.00796043872833252,0.0
5364,GeTeZr,0.008410453796386719,0.0
3883,H4BLi,6.4976677894592285,6.3578
5671,F6SSn4,3.2289717197418213,3.2703
4172,BrNZr,2.334686279296875,2.572
4207,AsO4Ta,1.611644983291626,1.6195
4680,Li2Nb4O11,2.4416868686676025,2.538
5485,I7Ta3Te,0.6284480094909668,0.6596
4546,HCaClO,3.664849281311035,3.6422
5822,CaMnSn,-0.000578761100769043,0.0
3252,In2Se3,0.484210729598999,0.4926
4655,Al2Cl8Sr,5.543074131011963,5.5657
4849,FO3PSn,3.648129940032959,3.8544
5883,HfSe8Te3,0.5135279893875122,0.5355
3419,BaFI,4.3391337394714355,4.3368
5131,CCuO3,0.07217717170715332,0.0277
3544,SiTe2,0.02226269245147705,0.0
5684,H3O4PSr,4.56155252456665,4.4393
3011,Mg2Y,0.007830023765563965,0.0
3823,HfS2,1.2599204778671265,1.3021
3524,IInTe,2.0243451595306396,1.9599
4360,GeI2Y2,0.1538604497909546,0.1576
4026,H2O7Ti3,2.6675477027893066,2.5606
5480,O5SV,2.7200260162353516,2.703
5208,Cu2F5Li,0.0033631324768066406,0.0
5334,CS2Ta2,0.02819216251373291,0.0221
4677,Bi7NbO13,0.00924539566040039,0.0
3360,CuF2,0.25879788398742676,0.4618
3285,MgSn2,-0.005706906318664551,0.0
5246,HClCuO,0.021859049797058105,0.0191
3154,LiMnTe2,0.002057790756225586,0.0
4506,Cu2S4W,1.6734328269958496,1.5945
4336,Ga2NiS4,0.009990334510803223,0.0
3829,Bi5O9Sr,0.0011974573135375977,0.0
4345,BiBrTe,1.6738011837005615,1.651
3021,MnNaSe2,0.006810307502746582,0.0
3580,OS2Sb2,1.787984848022461,1.8598
4284,C4N4PtTl2,2.9718875885009766,2.9434
5284,Al2BaCl8,5.557162761688232,5.5913
5632,H2CuO5S,0.18543922901153564,0.2338
4033,BrCuHgS,0.5808919668197632,0.5498
5362,O12Te4V,1.464399814605713,1.4855
3554,Li2O5Te2,3.674764633178711,3.7203
3693,Hg2P2S7,2.1886372566223145,2.1689
3758,AlO2,0.019847631454467773,0.0
3349,F2N2Sn,2.0490899085998535,2.1507
4688,CdPS3,2.1396422386169434,2.151
5215,Br2NbSe2,1.1651184558868408,1.2324
4896,CoNbTe2,0.007270455360412598,0.0
5805,C2I11Sc6,0.44258344173431396,0.3862
3143,Al2S4Zn,0.012610793113708496,0.0
4893,CuO,0.06714808940887451,0.2208
4220,Br2CdSb2Se3,1.120209813117981,1.1887
4868,SeSiZr,0.0011637210845947266,0.0
3241,O3PSn,1.843914270401001,0.3769
5435,AlBiBr6,2.5861105918884277,2.6119
5916,Cu2O4W,0.8459653854370117,0.9018
4404,BiO3Sb,2.7754368782043457,2.8059
3967,BrFSn,2.24824595451355,2.3062
4232,FeI2,0.005884885787963867,0.0
5330,F5TlZr,4.980660438537598,5.0599
3781,PPdS,0.9665969014167786,1.1237
3926,Sb2Se2Te,0.6702520251274109,0.7533
4426,I3O9Sc,4.0132293701171875,3.9826
3817,I2O5,2.162379026412964,2.7277
4074,H2O5Si2,5.680553436279297,2.8536
5511,Br,0.14984416961669922,1.3032
4405,O4SSn,4.044773101806641,3.958
3184,Al2MnS4,0.004559159278869629,0.0
4294,Ag2S,1.7484955787658691,1.687
4495,Li2NbO8P2,-0.010276436805725098,0.0
3188,Bi2MnTe4,0.7763810753822327,0.8198
4125,PtS2,1.8265984058380127,1.8227
4076,FInO3Te,3.3760714530944824,3.5071
3597,GaS,2.3869783878326416,2.4777
3438,AgN3,0.02958071231842041,1.8287
4123,KO10V4,0.016381502151489258,0.0
4731,MoO13P4,1.411131501197815,1.3489
4475,Br3Y,3.980670928955078,4.0441
4579,CuO4Te,0.014870524406433105,0.0
3063,O8Re2Zn,4.111154079437256,4.0205
5403,Hg3O6Se,1.2795515060424805,1.0625
4856,O6P2Sn,2.682178258895874,4.8258
4602,Cd3O10Se3,3.2850284576416016,3.1867
4374,MnPSe3,0.37319111824035645,0.4502
2990,H3W,0.001470804214477539,0.0
4881,CuF5Li2,0.17204630374908447,0.3678
3430,NiTe2,0.006116747856140137,0.0
5168,Cl8NSc5,0.013620138168334961,0.0
5588,Cu3F5O,0.03206503391265869,0.0
3717,I2Mn,1.0902057886123657,1.1068
4880,Mg5Sc,0.020195841789245605,0.0
4508,Br2Cr,0.40927624702453613,0.4479
5514,GaMg,0.0024666786193847656,0.0
3496,HBrCa,4.202297687530518,4.1537
5148,FeTaTe3,0.005730748176574707,0.0
3509,CaGeMn,0.0005398988723754883,0.0
3237,Ga2S5Zn2,0.018784403800964355,0.9591
3959,O4PbW,2.512981653213501,2.4914
3070,Ga2S5Zn2,0.018784403800964355,0.9367
5144,GaTe,1.6753097772598267,1.8617
4270,I2NbO,0.7910529375076294,0.7807
4498,Co2FeO6,0.007756829261779785,0.0
3754,Br7Nb3S,0.7708004117012024,0.7879
4804,NiP2S6,0.40517866611480713,0.4575
4119,H6Na2O6Pt,3.033350944519043,3.0411
3644,ClNTi,0.3965705633163452,0.574
3816,I2MgO6,3.5291049480438232,3.645
3518,Cl2NbSe2,0.9945898652076721,1.0705
3017,Ga2MnS4,0.006248950958251953,0.0
4193,H2O6Se2Sr,4.23904275894165,4.1666
3039,Te2W,1.12034010887146,1.0613
4671,ITe,1.0212397575378418,1.0441
4489,Se2Ta,0.015920162200927734,0.1592
5520,Bi2Pd,0.005301475524902344,0.0
3657,INb2Te6,0.753986120223999,0.7258
4703,I,0.14059948921203613,0.0
3864,H12N6Rb2Sn,2.6159119606018066,2.5644
4337,Bi2Pd,0.005301475524902344,0.0
5030,H5F2GaN2,2.788766860961914,2.8144
3401,H2KN,2.2976863384246826,2.2846
4395,Bi2Te3,1.0149645805358887,0.9707
3783,AgI,2.0821290016174316,2.0285
3244,Cu2S2Y,-0.0002849102020263672,0.0
4783,CrS2,0.002882242202758789,0.0
4549,H4FKO2,4.7656025886535645,4.9424
4061,NbO10V3,1.6383079290390015,1.6676
4195,H4O6P2Sr,5.124048709869385,5.205
3948,CAuClO,2.4685957431793213,2.5046
5733,As2Ge5Te8,0.4008669853210449,0.3228
3014,Cl3Tc,0.16699552536010742,0.1998
3200,AgAlO2,0.00889885425567627,0.0
4713,HAlO2,3.4080605506896973,3.8135
4838,Bi2O5Se,2.9500982761383057,3.0142
5828,F8Fe3Li2,3.3774867057800293,3.4848
3302,H2O5V2,1.3650779724121094,1.4919
4858,AlCl7Te,3.3731613159179688,3.4005
5817,Cl3Sc,3.867583751678467,3.8438
4024,Cl2O3SeZn2,4.128403663635254,4.102
3286,AgNiSe2,0.010908126831054688,0.0
3491,ITe,1.0212397575378418,0.8259
3791,F3ISn2,2.861084461212158,2.9524
5408,Cd2O4Si,2.272428035736084,2.319
5318,BiBr3,2.9035608768463135,2.9482
5280,Pt2Te3Tl,0.96474689245224,0.9822
3825,Cl3Cr,1.5787339210510254,1.6135
5053,Ca5Ir,-0.0021535158157348633,0.0
3762,ClNZr,3.055673599243164,3.0509
3250,Fe2OSe2Sr,1.2961747646331787,1.1999
3012,Al3Ru2,0.004929542541503906,0.0
5063,AuTi,0.004950523376464844,0.0
3895,Cl3Ti,0.01213228702545166,0.0
4129,I2O6S,2.2690820693969727,2.1161
5264,Co3MnO8,0.01976478099822998,0.0
4917,SeZn,2.1916534900665283,2.1824
5320,AgCuTe2,0.0036818981170654297,0.0
4778,AlBiO3,3.286377429962158,3.2891
5692,Cl4HgK2,2.607750415802002,2.6433
3460,Hf3Te2,0.0030862092971801758,0.0
4414,HfTe2,0.013925909996032715,0.0
3363,Ga2O3,3.2116823196411133,3.1512
3025,Mg2Sr,0.0004526376724243164,0.0
3704,I3PbTl,2.050480365753174,2.0066
5803,Br2Mo,2.1162025928497314,2.0481
3368,AgLi2Sn2,-0.007775306701660156,0.0
3042,PtTe,0.0063353776931762695,0.0
4312,CuLiO2,0.7726432085037231,0.5036
4974,Al2Te5,1.5116755962371826,1.4576
3753,C2I7Y6,0.0050318241119384766,0.0
5374,Ba2BrInO3,1.8593875169754028,2.02
5835,CuLiO4P,0.20595240592956543,0.0
4198,BN,4.122825622558594,4.0977
5614,O3PdSe,0.9353302121162415,1.1385
4087,Ga2Te3,0.012662529945373535,0.0
5415,F4V,1.8859446048736572,1.7262
5656,Cl6KNb,2.0830936431884766,2.1855
5560,O5Pb3Se,3.0809545516967773,3.0306
4422,CuI2O6,0.34049272537231445,0.4268
3253,MgTi,0.002535104751586914,0.0
4771,GeO3Zn,2.708278179168701,2.7475
4474,I3S2SbSn2,1.1647632122039795,1.1641
5360,H2CdO2,2.1796042919158936,2.0792
4604,GaPS4,2.2964935302734375,2.2931
4693,H8BNaO7,4.146031379699707,4.0307
3240,I2V,1.134328842163086,1.1625
5703,I3InO9,3.5272068977355957,3.5169
3813,NiS5Ta2,0.00754857063293457,0.0
5209,RbSb2Se4,1.631885051727295,1.5727
5328,Ba2Hg,0.011273026466369629,0.0
3161,MgTi,0.002535104751586914,0.0
3977,F12MnSb2,3.041609287261963,3.1845
5496,AsI3,2.2465503215789795,2.17
5233,Bi2CuO4,0.21395576000213623,0.0647
3077,OSn,2.183831214904785,2.1348
3239,Bi2OS2,0.9001954793930054,0.9896
3652,Br3Ir,1.773019552230835,1.8151
5796,Cr4Li2O13,1.6428031921386719,1.6432
3332,ClSTi,0.009756207466125488,0.0
5833,C8B2N8Zn,5.271758556365967,5.2206
5181,Bi5O9Sr,0.0011974573135375977,0.0
2997,CaCoSi,0.0009642839431762695,0.0
4903,Ag2Bi2Cl2S3,1.574294090270996,1.5629
5700,LiO2Sb,2.6283318996429443,2.6038
5019,Cl7FeTe,1.2296949625015259,1.2679
3728,RhTe2,0.006871819496154785,0.0
3412,Cl3Y,4.927844524383545,4.9775
4657,GeHfTe4,0.7357624173164368,0.724
5471,O3PbTi,2.429333209991455,2.4812
4615,Fe4S5,0.0042754411697387695,0.0
5698,O6Pb3S,3.0021164417266846,2.9439
4055,CrCuO4,0.008845210075378418,0.1164
3563,Cl2Fe,0.012584686279296875,0.0
5843,Cl6FeHf,0.08566665649414062,0.0945
3429,H4O4P2Pb,3.9327383041381836,4.0217
3238,HfSiTe,0.0066699981689453125,0.0
3757,Br3Cr,1.3658100366592407,1.4036
4089,F3PbRb,4.104977607727051,4.0259
5882,CrLiO13P4,0.022904038429260254,0.0
5695,Hg4O7P2,2.8499956130981445,2.888
3906,ReSe2,1.2787299156188965,1.2463
4715,IrNbS4,0.009122610092163086,0.0
3782,AuPS,0.9684473276138306,1.0822
5548,AuCuO2,0.01852405071258545,0.0
5285,FOSb,3.382795572280884,3.4237
3230,Bi2Pt,0.004810929298400879,0.0
3651,PRbSe6,1.9836632013320923,2.0015
4769,S2Tc,1.2536215782165527,1.2219
5682,H4MgN2O8,3.482508659362793,3.5682
4131,Bi2Pb2Se5,0.7984737157821655,0.806
3745,InSe,1.7148807048797607,2.1011
3293,GeLi2N2,2.5211377143859863,2.5044
5240,CAg2N2,1.6110143661499023,1.5689
4029,Br3In,2.9046831130981445,2.9321
3226,Ga2Mn2S5,0.01199197769165039,0.0
4324,CCuN2,0.011587858200073242,0.0
4839,Hg3O5Se4,2.260406970977783,2.2471
3316,NiPSe3,0.00842440128326416,0.0
4618,Ag2Se,1.0773283243179321,0.9976
3455,Fe2KSe3,0.0016287565231323242,0.0
3479,Bi2O5Te,2.847069263458252,2.809
5562,H4N2O8Zn,3.2898526191711426,3.3045
3645,Te2Ti,0.004469633102416992,0.0
3194,H2O4Ti3,0.009646177291870117,0.0
5373,AsO4Sb,3.630309581756592,3.5221
3324,Na2S2Zn,2.35565185546875,2.3617
4502,BeF2,7.086032867431641,7.188
3402,Ge2Zr,0.011904120445251465,0.0
5728,H2MgO2,3.7755255699157715,3.5454
5687,LiO10P3Sn2,2.984616756439209,3.0236
5254,Li2O4S,4.351229190826416,4.4351
3620,Br2Mo2S,1.0003494024276733,0.9683
4550,Bi2CuO6Sr2,0.03112185001373291,0.0
3353,I3Ir,1.5401300191879272,1.5617
4091,As2Ge3Te6,0.5215319395065308,0.502
2987,LiMg,-0.003681182861328125,0.0
3179,Cl2CuO4Pb2,0.012841343879699707,0.0
4225,MnPS3,0.6272252202033997,0.6554
5741,AuITe,1.0889649391174316,1.0945
4755,LiO4SiV,2.2387731075286865,2.3013
5482,Ag2Cl6Re,0.9178271293640137,0.9075
5538,CoNb2S4,0.00792992115020752,0.0
3710,CdI2O6,3.5866031646728516,3.456
5212,GaIY,-0.002246379852294922,0.0
4147,FO3Tc,2.3433847427368164,2.4938
5595,Bi2BrInSe4,1.4310824871063232,1.4498
3514,PtSn4,0.00681149959564209,0.0
4109,CoLi4O8P2,2.9440457820892334,3.0277
4239,BrCuO2,0.01895427703857422,0.4587
4805,Bi14S8Te13,0.8548015356063843,0.872
4065,AsCoS,0.0034564733505249023,0.0
4072,OTl2,1.0599164962768555,0.9395
5492,GeP3,0.010745048522949219,0.0
5813,P3Sn,0.5034979581832886,0.4606
5501,CuLi2P,0.004782319068908691,0.0
5626,Br2W,2.4809131622314453,2.4212
4412,Nb2SiTe4,0.4507817029953003,0.0
4100,NbSe3,0.021570682525634766,0.0
4901,P2Si,1.5452502965927124,1.5367
3917,Al2CdCl8,3.9973249435424805,4.0137
4190,Ni2SeTaTe,0.0021506547927856445,0.0
3963,Cu2Fe4S7,0.008775115013122559,0.0
5146,MnO8Re2,2.914656162261963,3.0593
5315,S3Zr,1.1074450016021729,1.1275
3834,NbNiTe2,0.008548736572265625,0.0
5018,B10Bi6O21,1.5505551099777222,1.5769
3870,CAg2O3,1.3604331016540527,1.3334
5337,Br7STa3,0.8289833068847656,0.855
4310,HAuO2,1.0082162618637085,1.3863
5629,H3I3N2,0.869593620300293,0.8353
3775,Cl3Y2,0.676127552986145,0.7872
3146,HfN2Na2,-0.0004404783248901367,0.0
4918,AgS2Sb,2.0470550060272217,1.9718
3936,Br4Pd4Te3,0.7548222541809082,0.7376
5518,PdSn4,0.006864666938781738,0.0
4299,MoO5P,3.236912488937378,3.1591
4572,BeCrO4,2.460087537765503,2.5152
4645,BaBr11Y3,2.99025297164917,3.1451
4955,CrGeTe3,0.5224913358688354,0.4845
3330,MgSn,0.0020319223403930664,0.0
3631,AsO2,3.320727586746216,3.2434
4411,NiSe4V2,0.008978724479675293,0.0
4587,C2H2CuO4,0.12288618087768555,0.0
3642,As2Ge2Te5,0.5998855829238892,0.5232
4357,CoO8Re2,2.0187838077545166,2.1445
5777,Br4S9V4,0.6272376775741577,0.6503
5478,H4O4P2Sr,5.207792282104492,5.165
4935,F3NbO,3.411870241165161,3.5574
4094,Cl2O4Pb,1.9309786558151245,1.6046
4037,BiCuO2,1.5294108390808105,1.4231
4780,Mg2O8Te3,3.507028102874756,3.4332
4269,BrCuO2,0.01895427703857422,0.0
4192,Li3S3Sb,2.625739097595215,2.6234
3151,GeSe3Tl2,1.6312686204910278,1.5326
4437,Cl8Sc5,-2.4318695068359375e-05,0.0
3656,BrInO,2.3440825939178467,2.3891
3799,BiFO,3.2638750076293945,3.4159
5062,H3AlO3,4.334339141845703,4.3458
5012,CuI2O2Sr2,0.010844111442565918,0.0
4716,KNO3,3.3676323890686035,3.3365
4389,AgO3Te,1.1415700912475586,1.1883
3320,Mg2Ti,0.010106682777404785,0.0
3210,As2Se3,0.9393463730812073,0.7142
4990,B2O5Te,3.7787399291992188,3.7294
3051,S2Si,3.2459182739257812,3.2969
4912,HAgO2,0.015323758125305176,0.0
3369,Mg2Rh,0.0035289525985717773,0.0
3612,CrI2,0.26623964309692383,0.2531
3466,CCl2Sc2,0.778517484664917,0.8565
3673,Bi9I2,0.008071660995483398,0.0
3630,H5AsCaO6,3.977987289428711,3.936
3988,ClRe3Se4,1.254978060722351,1.247
5274,H3F3GaN,2.5143141746520996,2.5984
5098,S3SiTl2,2.8802919387817383,2.8831
4104,MgPS3,3.0418648719787598,3.054
5253,Al2O3,4.262057781219482,4.8346
3828,Mo2O8Zr,3.4055263996124268,3.2285
3094,MgSb2,0.0053708553314208984,0.0
3008,NbS2,0.014132142066955566,0.0
5311,BrOZr,0.0007300376892089844,0.0
5039,NiS2,0.010141134262084961,0.8928
3787,BiO4Pd2,0.010472416877746582,0.0
3613,ClNaO4,5.700613021850586,5.5747
3295,BrCu2O3,0.024140596389770508,0.0
4347,BaF12Sb2,3.4606447219848633,3.5225
3348,AgSe2Ti,0.005748152732849121,0.0
4407,H9BaIO5,3.9465160369873047,3.9114
5070,AgClO4Pb4,2.8407859802246094,2.8222
4605,Ca2ClFeO3,0.7387169003486633,0.8457
3548,Pb4Pt,0.00940549373626709,0.0
4252,PdS6Ta2,0.011461973190307617,0.1628
3484,AuI,1.8338110446929932,1.7686
4910,Fe3S4,0.004420757293701172,0.0
5542,Br9Nb2Rb3,0.37278294563293457,0.4253
3732,BiIn,-0.01771259307861328,0.0
5911,AuBiCl6,1.0109584331512451,1.0021
4464,I2O5Sb4,2.3510143756866455,2.3944
3440,BiLiO2,2.221576690673828,2.2825
4866,H8B2Zn,4.5697126388549805,4.5224
3322,CuS,0.002229928970336914,0.0
3256,Ag2O4Se,1.6535793542861938,1.5468
4277,CaCl2O4,2.965991258621216,2.9306
3649,Hg2IO,1.65632164478302,1.5463
4231,O5Ta2,3.146699905395508,3.1272
5198,ClInO3Te,3.1802587509155273,3.2566
3940,Hg2O4S,2.516660690307617,2.4132
4920,BO3Sb,3.935300350189209,3.9487
4925,H8B2CaO8,4.514331817626953,4.4534
5137,Cl3Fe,0.2519623041152954,0.3959
3327,SSn,1.7314364910125732,1.8758
3038,N2Pd,0.015661954879760742,0.0
4382,I2N2S,1.6408888101577759,1.5517
3812,CoTaTe2,0.007904291152954102,0.0096
5842,KMg6O7Rb,0.013606786727905273,0.058
3141,O4SiZr,4.067592620849609,3.9934
4658,H2ClHgN,2.296813488006592,2.3038
3939,Te4TiZr,0.006843924522399902,0.0
4383,H2LiO2P,5.377860069274902,5.4113
3396,PS3Sn,1.521521806716919,2.2014
3007,HMnO2,0.033164143562316895,0.1783
3512,ClGaTe,2.3009121417999268,2.2964
4011,CoSe,0.009000778198242188,0.0
3624,Cl2NbS2,1.772233486175537,1.8207
5603,AsCl2Hg2,1.4423091411590576,1.3778
3267,PbS,1.831871509552002,2.0793
4512,Br2Ca3Si,0.7979015111923218,0.7999
3018,Al2S5Zn2,1.030592918395996,0.0
4102,Al2MgSe4,1.1688135862350464,1.2177
5256,P2S6Sn,1.5334248542785645,1.4967
4496,AsAuO3,1.1559336185455322,1.1237
5524,FeTe,0.0016155242919921875,0.0
3934,AuClO2,1.0861799716949463,1.1328
5810,AgP2ScSe6,1.7027482986450195,1.6673
4197,Bi4Br2O9Te2,1.0417020320892334,1.1641
4773,H2Mg3O6,2.414923667907715,2.4572
3301,As,0.9656827449798584,1.573
4813,Cl3LiSn,4.417164325714111,4.401
4227,Bi7Cl3S9,0.300815224647522,0.4607
3814,CCuLiO3,2.0850906372070312,2.0867
5086,O9Sb2Si3,4.660319805145264,4.665
3760,As2O3,4.103363513946533,3.9015
4553,BrOSc,3.280428409576416,3.3226
4307,Pb2Pd3Te2,-0.0009860992431640625,0.0
3411,Cu2Te,0.006361484527587891,0.0
3019,CdCl2O2Pb2,3.7092628479003906,3.7001
5704,I3Y,2.785526752471924,2.8543
3736,Se3Zr,0.4194309711456299,0.4482
5317,Cl2Mg,5.38179349899292,4.5748
3449,BrNTi,0.4021270275115967,0.5802
4770,BiCl2CuS,0.1440582275390625,0.2631
5394,BiCdISe2,0.5294045209884644,0.6363
3622,Cl2OOs,0.015096545219421387,0.0
4439,Fe2Se4Ti,0.005679965019226074,0.0
3560,In4Se3,1.2667515277862549,1.123
4365,H3AlO3,4.334339141845703,4.3762
5697,BrClSn,1.8492486476898193,1.8881
3203,S2V,0.007442593574523926,0.0279
4589,PS5TiTl,1.124790906906128,1.1585
5184,Be2Cl6Te7,1.4411503076553345,1.3979
5874,H4ClNaO2,4.559394836425781,4.4388
3136,Cl3Zr,0.13252460956573486,0.1731
3534,FeGa2S4,0.005135059356689453,0.0
5473,MnNb2S4,0.006082773208618164,0.0
3749,GaInS3,2.0337953567504883,2.0327
3192,S2Sn,1.5942569971084595,1.5738
4965,BiO8PPb4,2.8609867095947266,2.9437
5122,NiSe,0.007497549057006836,0.0
5199,NiSe5Ta2,0.009087443351745605,0.0
5599,AlI7Te,1.94125497341156,1.9385
4563,GeTe,0.9800494313240051,0.0
5191,H2Mo2O7,2.4409425258636475,2.2553
