,Volume,ave:atomic_number,ave:atomic_radius,ave:atomic_radius_rahm,ave:atomic_volume,ave:atomic_weight,ave:boiling_point,ave:bulk_modulus,sum:hhi_p,sum:hhi_r,sum:sound_velocity,var:boiling_point,var:c6_gb,var:hhi_p,var:hhi_r,var:melting_point,var:sound_velocity,r1_1term,r1_2term,r1_3term,r1_4term,r2_1term,r2_2term,r2_3term,r2_4term
64,98.06170819706537,28.799999999999997,161.4141685010688,191.60000000000002,24.4,68.611001896,369.15200000000004,33.5793636983576,32000.0,27200.0,22375.4952999072,132078.99553600003,3374038.6655999995,4360000.0,3073600.0,12192.548824,522173.9476512086,69.67452241773117,103.41790423643096,107.32970817722082,94.30044118225621,86.59519363156282,100.03461761449508,102.4232660979381,96.82007116853231
27,91.95581102005919,19.200000000000003,164.86877047679093,197.0,22.6,42.799954,355.01399999999995,47.823624510313365,24300.0,40500.0,18725.144809483256,139948.65146400002,2331464.7016000003,2905600.0,7836000.0,22861.393600000003,1465910.5157532955,79.57109916041445,107.9917989664785,103.39595661438132,104.06989653045889,101.6770830754692,104.63226938045776,109.01542347402014,94.72364488546029
69,73.1004463747696,26.799999999999997,139.81416850106882,191.4,15.12,63.444041896,1001.606,70.6793636983576,26800.0,24800.0,28417.4952999072,1427407.240824,64624.473600000005,3769600.0,4041600.0,462865.90309599997,1674776.4556104224,69.33386170639548,62.757933934373504,62.244110787534105,63.41735643240135,64.57927416272133,53.68882598454633,96.41422707027286,67.50586660472612
125,201.20299801986306,44.6,178.333184882848,227.8,28.72,105.91196,737.34,10.24,44800.0,66400.0,19041.67534649392,305708.4904,3102601.6,2113600.0,126400.0,14637.676000000007,499437.84108355443,169.1750423139938,188.40184972624365,198.2261659165846,196.5425280120502,181.7651124790416,191.61964427432352,202.45699371215676,197.70555884813302
73,101.35085253855638,26.2,167.0141685010688,196.8,27.4,60.943732296,711.926,44.237949466464755,13800.0,12500.0,11873.025618914893,785927.7025840001,6802604.6656,3110400.0,3100000.0,24983.317816000002,399475.4237413681,79.17962174106863,107.02011845726247,112.70630973795653,103.16652056167001,82.26186828961139,116.1638421020329,115.86337077050044,114.61138634350664
11,161.70349128365854,27.400000000000002,171.2122904358975,220.8,25.54,61.32715999999999,805.96,16.99858576810716,27600.0,22000.0,6266.0,676612.4544,3179619.1464000004,3110400.0,3760000.0,10833.967104,266079.04000000004,142.86966456844675,167.38458656206626,163.1546805429608,175.41978852081712,148.27293323005506,167.9684172631106,169.74555718139837,164.9701801892933
119,188.71460354004418,36.400000000000006,156.6122904358975,222.6,18.02,85.6736,1016.36,25.69858576810716,10500.0,6800.0,3093.0,918925.9264,59141.85040000001,576000.0,198400.0,31135.770383999996,255560.64,149.24602112501415,165.96700636301688,159.66618795026096,174.2933606709115,144.37469275990762,149.23618935173218,167.66888850756519,169.22037870242033
110,156.23262414051945,34.2,170.33318488284797,223.20000000000002,25.22,77.3357,905.54,21.76,12800.0,29300.0,12002.83767324696,700378.6744,2175643.84,846400.0,4986400.0,145602.76959999997,42742.552683637805,151.42951502057446,152.14495023824895,155.142049705058,155.78159140385134,151.91934636130884,153.24862287646852,178.52323105866708,156.38580341771126
113,70.50822380170608,18.4,154.81416850106882,189.60000000000002,22.759999999999998,40.231281896,844.206,64.5793636983576,11500.0,12000.0,14750.7476499536,1282361.449624,3340352.6656,3460000.0,3240000.0,423641.145976,1369669.7975084346,66.34691493928482,61.84586124309016,61.233685537434205,61.348969207927496,64.59534333703004,69.99364605206887,89.78174680724202,69.32271329581809
55,146.51640716874894,37.6,171.533184882848,222.4,27.060000000000002,86.31996000000001,1073.94,37.64,19100.0,34700.0,11772.83767324696,1427165.4424,3074546.16,1189600.0,402400.0,383494.9336,332458.7658713819,148.52470086318021,134.74257736183446,146.36122584976874,129.0739638608634,141.21976698785113,144.35461204239505,181.82131701913323,154.92476237514944
45,69.22252251530169,15.2,162.0141685010688,193.8,24.240000000000002,33.353601896,515.806,37.5793636983576,31600.0,22000.0,28765.4952999072,294538.19042400003,3290384.8576,4182400.0,3760000.0,113412.27877599999,1094015.6483230686,73.54109521386249,87.90218926830497,83.0469912199918,83.122214942701,83.37176410167352,87.5787294665593,106.20733987038122,79.19226360575132
9,70.63457799019668,27.0,139.6141685010688,190.60000000000002,15.04,64.061680696,1025.606,72.6793636983576,14100.0,13700.0,14018.7476499536,1526738.1528240002,54334.80960000001,3769600.0,3750400.0,442338.511096,1523365.4198897174,67.98889684110712,62.45701374740483,61.7037720718791,62.603319324398,62.8069272297118,55.07315327894268,95.72367714843804,68.87394060208806
4,78.5111773895272,17.8,157.0141685010688,194.2,22.918,39.480210696,690.206,52.5793636983576,12100.0,12300.0,14930.7476499536,711700.897624,3289346.8096000003,3205600.0,3146400.0,323100.27477599995,1520283.031349103,74.26806765347327,73.51448038348008,72.45522597688206,71.81565995340934,77.41364868156634,74.61631525151037,99.58219840528605,69.33989283630353
26,59.6620257092771,17.2,161.92085218684497,197.6,19.160000000000004,37.000502,1293.5140000000001,87.16316529382729,9264.675592658521,13193.216996573206,8347.618683153423,3855443.8734640004,2274084.3016,4650689.455349496,7593360.806912143,872889.8944,3894635.3638889417,80.7575173339753,59.10705067587152,58.54787020844887,65.19940100396195,70.68164560597702,75.2166942110126,88.01703673773025,70.77450440302704
124,188.52072604368567,32.4,183.533184882848,233.4,31.259999999999998,73.05156,742.74,5.04,39600.0,56400.0,25025.67534649392,316545.8584,3137985.3600000003,1094400.0,4406400.0,111750.66960000001,631842.7756151619,193.33775547104548,191.6907812048065,186.9967186788321,192.95477396576416,208.2233387900152,186.95626589985295,227.66038464273964,199.54161759450915
31,84.59240483249847,31.0,143.4141685010688,191.2,15.76,73.848681896,894.006,56.679363698357605,24400.0,24800.0,23797.4952999072,1038714.2920240001,44116.5696,4134400.0,4041600.0,217710.07677599997,617489.0213218479,68.99497618966997,75.23927469288452,75.69531207655605,70.70031398756089,66.3314312112912,68.2428440888663,101.10699322779246,79.97606588306809
98,189.25718389299675,38.4,175.333184882848,228.0,30.82,89.0494904,1010.0600000000001,20.76758774072156,63600.0,85800.0,44940.34692662476,1152703.6744000001,6616850.5600000005,1374400.0,3769600.0,140299.1496,1457420.3257638447,169.98824661564973,168.67678116502532,177.94362445764304,171.16566703517356,165.47734916247825,187.00884018431373,203.27235167020382,187.5508047092898
36,180.4786609572536,34.8,171.533184882848,226.20000000000002,28.0,79.56196,1011.94,20.94758774072156,42400.0,57200.0,28205.67534649392,1152498.0024,3142610.56,1374400.0,3769600.0,139637.116,1867865.8235781484,162.79659437174394,162.51753174439875,166.35816605878983,165.69483882440016,158.16552274265175,175.37866519721288,195.0342746997053,181.5494199777407
16,147.30175853467367,27.2,168.81229043589752,219.2,25.02,60.846360000000004,542.96,9.56,24400.0,20600.0,8456.0,139545.4144,3233984.0584,3174400.0,3894400.0,26890.657600000006,715642.24,137.41585090194016,156.8494844960443,154.1031743511678,164.66576673764393,160.99506400430255,152.46147498087424,163.04286716848043,140.48117518242918
10,107.15035453010964,29.0,164.2141685010688,194.2,24.88,69.368601896,589.206,37.1793636983576,17000.0,17000.0,10598.7476499536,440456.509624,3313565.0176,5440000.0,5440000.0,43657.78165600001,773358.7769170223,74.26806765347327,98.33131156670012,104.66262332702898,92.85582550978958,81.0632712606895,103.3040760491979,110.18218837593426,102.64451838694504
93,158.67219390227805,24.0,165.4122904358975,218.4,25.119999999999997,52.88956,955.96,20.46758774072156,31600.0,21800.0,14636.0,1230724.4544,3244900.2183999997,4182400.0,3769600.0,164029.84959999996,4053336.6400000006,134.7625947460324,136.14613380770598,134.06743664263627,139.67566754227533,132.33700707136575,148.2332930036927,161.80135851492395,144.66665691014612
111,95.34692245017716,28.0,142.0141685010688,193.0,16.42,66.801041896,1017.606,55.986951439079164,16300.0,12900.0,14698.7476499536,1493115.8488240002,45791.577600000004,4790400.0,3865600.0,209567.82517599998,2118569.547732241,72.10948003221112,78.49721069218211,78.09578320801475,74.77033671778628,67.07145450537843,76.83768888561683,106.83808474252731,91.48021235930173
42,192.24203304826787,36.0,187.333184882848,235.20000000000002,34.08,82.53909039999999,740.86,4.86,39600.0,56400.0,26780.231284416506,315739.3384,6313825.360000001,1094400.0,4406400.0,112329.0904,332987.0354527346,201.74402043490863,198.89973127656611,199.02601850118026,198.9068261514825,217.74878774663364,199.00780778251186,237.16201615149487,206.4765427093136
118,53.4546115662245,14.0,152.320852186845,201.8,15.8,28.784000000000002,1010.114,83.06362451031336,7800.0,4400.0,9672.5,1429665.8486640002,734882.1496,1910400.0,217600.0,522342.48960000003,4043033.5,89.58318237402807,77.9087973547578,71.54785465543574,78.23569559335134,84.75435186860356,66.58469503280979,91.32859371597092,61.13478218193001
127,125.87683217243614,35.2,154.0,239.8,19.82,82.3994,1906.6943999999999,28.540000000000003,25500.0,23700.0,48328.26238106898,3387479.24199424,4406400.0,1516000.0,513600.0,673457.4400000001,741502.584913204,224.7403972986392,189.5182142636179,166.8726573371205,146.05157353171788,180.28264159635182,155.7847657132229,162.33317082609616,129.23888267827894
96,94.58888504929534,31.6,152.06877047679092,198.6,16.98,75.856294,491.614,55.80362451031336,25800.0,25600.0,10119.429872988836,403637.466664,46291.98960000001,6745600.0,6654400.0,47334.4224,1334066.9201482078,82.77532313750324,104.97466165200429,104.97932169092584,102.8349644966836,96.34126093873023,95.95523287571683,118.82573913375157,106.399430611099
60,67.00355961656858,16.8,163.92085218684497,199.6,19.62,36.000333999999995,1266.5140000000001,80.28362451031336,23400.0,35000.0,12865.0,3650109.6294640005,2277266.5335999997,9702400.0,13756000.0,1106630.4384,1627481.5,84.84457424751055,56.79912279255344,57.129099039403364,63.98039604664862,74.91476384654463,70.30776674023197,95.12445965182432,71.07962349441144
0,132.4521624992106,23.4,164.2122904358975,215.4,22.34,50.66330000000001,849.56,21.28,7400.0,11600.0,5218.0,766692.5824000001,2261233.6744,25600.0,5977600.0,171099.66399999996,1088360.6400000001,125.23603682298203,127.33059607534602,124.42146699509037,130.60009394107078,127.11195684504126,127.77241136703252,144.64681017026476,119.8165474742766
84,187.4396857101914,37.6,176.81229043589752,223.2,28.88,89.29109039999999,736.08,10.180000000000001,26400.0,21600.0,8110.555937922587,483886.5216000001,6692619.602400002,3038400.0,3782400.0,27614.887600000002,633278.2946031297,151.42951502057437,168.77187137908933,177.19675582473906,177.07920410297385,162.0658878338675,178.7446653412527,181.67447707586098,170.97178683395347
28,93.62157646373184,18.599999999999998,171.81416850106882,192.60000000000002,29.0,42.578086152,472.54600000000005,29.659363698357602,23200.0,22000.0,27716.051237829786,229458.25194400002,6634661.929599999,3409600.0,3760000.0,19668.49596,109184.95545768301,71.4047148116511,101.95981769767135,100.61724153761712,94.30165341458297,82.78229212378608,108.43931328790232,115.49586757969784,110.65154190981835
40,187.65813437794742,38.2,177.333184882848,228.60000000000002,28.42,87.99956,861.94,17.47858576810716,38400.0,57400.0,19835.67534649392,615180.0024000001,3071331.3599999994,1166400.0,3618400.0,4010.658144000001,352171.8765812309,172.44935689621144,197.60289331866193,198.45153918622427,204.88224801875995,176.52079611276906,196.56470495117014,203.04599868137151,202.94619686507997
86,65.40869502383295,23.200000000000003,164.520852186845,201.0,19.64,53.608636000000004,1403.1140000000003,86.28362451031336,5500.0,13500.0,6352.5,4748834.244664,2275365.9976,576000.0,7836000.0,1593184.5504000003,1558313.5,87.82994469556678,49.45711313136657,55.773324723081856,60.400353236150806,75.42261970524243,63.81812771334302,97.88223803150463,71.01104688933674
24,98.09953691058023,22.8,167.46877047679092,198.2,24.72,52.073854,337.814,47.70362451031336,37200.0,36900.0,16625.144809483256,117327.69306399999,3333518.7016000003,6001600.0,5906400.0,21391.494400000003,1333846.5521969828,81.96208531562415,110.52166451115686,110.5264665826573,107.46901789677004,106.66512376255533,110.45902944101344,117.10177141187836,101.15070092938191
25,139.757090909741,30.599999999999998,170.6122904358975,218.4,27.279999999999998,69.4247304,830.48,20.98,11700.0,10400.0,5395.2779689612935,760614.4576,6772927.6744,3362400.0,3865600.0,172436.98239999998,1161208.4963304792,134.7625947460324,135.4629497859762,141.81209088071526,138.6528616896535,138.2108679409987,146.40871524210684,161.5690017712247,134.86468310852834
23,177.6115625775598,31.2,174.2122904358975,223.0,28.48,71.5930904,842.08,12.580000000000002,26200.0,21200.0,10590.555937922587,799537.5616,6628135.8184,3037600.0,3817600.0,16964.502400000005,1101970.7200821694,150.69841650026316,171.50549793429914,172.5148741199042,179.944989871432,154.61808739682473,180.04314211742494,179.2159872848237,172.2743392907001
115,134.84725792156624,27.0,166.81229043589752,216.6,24.46,59.937200000000004,832.36,21.16,11700.0,10400.0,4518.0,761084.0064,3251695.6744000004,3362400.0,3865600.0,171992.54559999998,898968.64,128.96775586642977,130.48654718986754,131.79405751279987,133.7488195004878,131.90902145632896,135.71943557539976,154.08184723173835,128.92420803742766
67,117.84079756393193,23.4,163.6122904358975,215.0,23.82,51.07276,903.36,29.16,12100.0,10500.0,5488.0,1015922.8864,3274742.0824000007,3205600.0,3840000.0,214319.25759999995,1707715.84,124.01502366608426,123.05933105687086,122.12466648470935,125.15278753253078,123.46742725959892,130.32467789766957,146.7410124571642,122.78648034043124
44,140.87164651875094,34.2,169.73318488284798,222.8,26.7,77.74516,959.34,29.64,17500.0,28200.0,12272.83767324696,943585.5304,3174631.6,1996000.0,4406400.0,186643.276,515545.2589415035,149.9705891081454,147.5107036541346,153.22523234499621,149.4976384669582,147.72552521268298,155.73096011482784,180.4744980160243,158.64487746606252
15,130.49084769010804,22.6,165.0122904358975,220.0,23.878,49.351168799999996,782.36,25.16,12100.0,10800.0,7068.0,605820.0063999998,3181152.1383999996,3205600.0,3782400.0,277432.1664,3669696.6400000006,140.11796843791575,132.99263544403428,128.64750977391105,132.21026107730188,146.64126244552452,123.05483777951373,158.31125582128516,116.54708727656387
95,70.35268214247002,24.200000000000003,161.320852186845,211.4,18.36,55.646074,1439.114,81.58362451031337,13000.0,12600.0,6052.5,3693496.436664,4586637.4936,9640000.0,10345600.0,1094507.8336,1542133.5,113.52468646063483,81.88615093021323,83.67672679847915,71.95508585985846,97.79724003571296,83.71623788422092,86.86341683565067,61.09900328573133
39,66.90965549992833,20.6,159.92085218684497,208.6,17.300000000000004,45.704674,1388.5140000000001,94.15971934359035,14200.0,13300.0,8936.732051639809,3656084.2134640003,1565175.9736,10062400.0,10362400.0,1098292.1536,3345577.8344916217,105.96042367469644,75.25569074278587,74.94871048742787,69.64483995223893,92.02104026516211,76.86368216076481,101.04546630626167,73.04830744343025
22,89.42508557141944,31.2,145.4141685010688,193.8,16.32,74.757841896,604.606,45.0793636983576,25400.0,24600.0,23217.4952999072,452856.40482399997,48992.8576,3926400.0,4086400.0,67910.427976,605395.9668007714,73.54109521386249,93.55231078561411,92.86815855670687,88.19933499835157,79.588892156099,83.06115388175621,107.45094041427467,91.26685112076464
68,172.84383277490593,26.400000000000002,149.0122904358975,219.6,17.08,58.75959999999999,1234.3600000000001,35.806173508828714,26200.0,13800.0,14466.0,1543556.9664,47464.6264,2281600.0,217600.0,161742.16806399997,4060055.04,138.7607573552253,139.7940734083893,131.3368873797338,143.4381202587926,126.10183861332816,129.01865585961835,157.9010871211557,150.5265055109474
80,163.55606623731336,41.4,176.73318488284798,226.20000000000002,30.159999999999997,96.0971304,886.46,21.46,17100.0,28100.0,12180.115642208253,696436.7464000001,6628003.840000002,2325600.0,4573600.0,147731.66559999998,19366.229618493693,162.79659437174394,161.78678895733196,175.5819285836294,164.51197204570087,164.84952623079195,172.96386067573263,195.59255573554248,171.06099000005332
140,92.31264108905833,16.8,169.4141685010688,199.8,27.42,36.508201896,594.606,31.979363698357602,14400.0,12000.0,13590.7476499536,452893.72482400003,3421974.2496000007,3297600.0,3240000.0,168059.47077599997,647755.1794241286,85.2646895008863,93.00510034508235,92.45076062779762,92.01774149729147,94.02016646080001,102.17294209706156,132.9515284711061,104.09481951522213
47,56.730591818187804,17.200000000000003,156.72085218684498,205.0,16.586000000000002,37.52262,974.5140000000001,92.15971934359035,8800.0,8600.0,11396.732051639809,1338937.805464,1550766.7816000003,2502400.0,2353600.0,681072.0256,5979404.966728907,96.95275085125608,78.75020047940865,75.07074921392433,77.8611433896903,93.14100597409384,60.594583121193466,88.12612162415473,50.89708943651149
30,157.5095787725395,18.0,174.81229043589752,224.4,26.259999999999998,37.10526,703.96,4.680000000000001,20200.0,23400.0,12856.0,375249.8944,2403392.2584,889600.0,5942400.0,133275.46560000003,2075914.2400000002,155.88546009554398,157.13447408906154,144.78713895444105,160.98202995539052,169.38968487620508,151.76441562076914,185.4131510653018,152.81040319353585
112,74.23809586689029,30.400000000000002,165.520852186845,214.0,18.92,72.7628,1530.114,69.58362451031337,15800.0,12800.0,11165.0,4377431.688664,4596478.2935999995,1765600.0,921600.0,917024.5696,1150811.5,121.01176931158008,92.74604428746935,97.31202440020287,81.31354600218296,102.56619393140839,101.70047436505095,97.85763918973312,75.79634409131279
76,62.215863534407745,17.2,141.2141685010688,190.8,15.120000000000001,37.833681896,820.606,57.0793636983576,22000.0,12800.0,31365.4952999072,937540.612824,62398.80960000001,2416000.0,153600.0,261963.00109599993,544609.8927278941,68.3225011304389,71.81450182082976,64.44515797190957,67.92391395912297,67.23915253919326,62.15430954936746,95.6504536325346,69.53070897393165
137,209.17711987829728,40.8,160.13318488284796,230.20000000000002,20.5,94.648,1178.3400000000001,28.57858576810716,15800.0,24300.0,11117.83767324696,1078301.0104,58613.759999999995,78400.0,6258400.0,10300.432704000004,254459.45994952266,179.17219144112912,199.0570208112939,189.57442357771484,206.779727264555,166.45224653068388,177.95215062259146,195.43189102656146,206.27978374025054
33,96.3983133618557,25.2,158.81416850106882,190.4,22.28,59.33710189600001,386.352,33.6993636983576,23400.0,29600.0,23775.4952999072,153621.926736,2363554.6656,2502400.0,4878400.0,13969.908664000002,338060.079253807,67.65703825263608,100.87957549222804,99.64119752698134,90.85136588751203,82.6513267142496,94.23364083865695,94.6440903034168,89.39270000540714
81,67.79890223639997,14.8,152.2141685010688,188.4,20.64,30.957381896,861.406,64.6993636983576,7200.0,13200.0,15450.7476499536,1287562.5232240001,2337368.6656,54400.0,5198400.0,422482.8008559999,986027.9291110329,64.432867827088,60.241297988306236,55.30175911490689,59.554307693943855,62.2033448034701,64.12040733072226,81.40383600208708,61.792697539406674
142,62.17869364696995,23.400000000000002,162.92085218684497,200.0,19.366,54.18706,1449.5140000000001,108.28362451031336,10200.0,13000.0,8126.5,5156011.505464,2282355.8376,6366400.0,7456000.0,2033671.3344000005,3572938.86,85.68691270342747,40.24875656775292,47.68412778473562,60.2324058054989,72.80976404551961,51.24011456563275,93.90129548765995,64.40393054176312
62,128.4855607921225,20.0,170.0122904358975,219.6,25.2,43.22456,607.96,10.16,31600.0,19000.0,13040.0,220800.61440000002,3182315.3224,4182400.0,4240000.0,84690.2464,2898726.4000000004,138.7607573552253,147.64591525789814,139.8717707878336,153.8539024724335,157.00968260271304,139.4270669305101,165.1840989458412,128.94876634170964
139,77.73399964038569,20.2,140.6141685010688,195.4,14.878,45.350250696,968.606,67.91794946646476,18800.0,16600.0,29691.4952999072,1172505.236824,94899.8656,505600.0,42400.0,321277.41909599997,1578768.1153687872,76.49438725105684,75.53606584598117,70.70954077638828,74.22952140809426,72.48182072166878,64.86660917561483,99.09403322781749,72.96947554803228
135,88.71171279800387,18.8,158.2141685010688,192.2,21.939999999999998,41.701501896,468.006,37.0993636983576,15800.0,26000.0,25581.4952999072,220037.00402399997,2335117.8496000003,9600.0,5296000.0,47343.069736000005,117963.02902115896,70.70723015063962,94.53533267918573,89.64345671145651,87.48183953867793,82.11190649200267,90.41226330982352,96.22084565688057,80.49432828404807
53,191.20366066853614,41.8,181.13318488284798,230.4,31.240000000000002,97.4870904,860.0600000000001,17.29858576810716,19200.0,28700.0,10795.115642208253,614821.6744000001,6501091.36,1166400.0,3618400.0,4010.1663040000008,235439.0427751683,180.02912613378945,204.15911763944615,210.5749108549625,211.0445998211283,184.6705459551591,208.6241044820282,211.49604599358344,209.1446023073595
5,56.46241061036604,17.6,155.92085218684497,203.6,16.560000000000002,38.2924,990.114,94.15971934359035,8100.0,5900.0,10366.732051639809,1401390.408664,1560634.1496,2205600.0,949600.0,509263.1296,4640959.687784027,93.65714981599693,81.93593938017744,77.78724214717494,81.75087034422349,89.371498641397,72.41610926060764,85.22467192849415,56.77754355412216
85,66.0474316617167,11.600000000000001,159.4141685010688,192.60000000000002,22.12,24.079701896,533.006,37.6993636983576,11500.0,12200.0,15082.7476499536,311036.224024,2301560.8576,2256000.0,5814400.0,113836.205656,730981.779925667,71.4047148116511,86.0096875978772,77.00078929653112,80.4330236558031,79.91996270823451,82.1440806877049,98.23924570914753,72.63053853496066
109,115.63604009548429,32.800000000000004,168.81416850106882,197.4,27.92,79.42013229599999,643.926,37.5993636983576,26400.0,24600.0,23836.051237829786,581237.6385840001,6840419.8176,3038400.0,3146400.0,46882.718415999996,378926.53151327453,80.3600388418561,102.9714329938067,116.56524406069019,100.02159447503935,86.09717418454424,115.28345536371653,119.62769024343952,113.30054586125252
49,75.17971112473752,29.200000000000003,154.72085218684498,206.0,14.88,69.2842,1386.714,89.36758820151056,15200.0,11800.0,12025.0,3216838.6238639997,275937.54160000006,1609600.0,757600.0,642987.3484,1819997.5,99.37665514475802,82.088324427485,83.35428313189186,80.83172312665107,86.10945830939747,80.61390535065252,106.48715129663333,84.5669129722298
35,114.29816418447948,26.4,166.2141685010688,197.2,27.520000000000003,61.722132296,749.926,39.9993636983576,26200.0,24200.0,26316.051237829786,916425.3265840001,6779710.9696,3037600.0,3205600.0,33510.99277600001,67634.39011691704,79.9645688264548,105.4657218867283,111.82214191040248,102.17607256156518,81.89072139376037,116.69380104542219,117.35720558215087,115.40781570565687
77,173.54368977247577,38.8,175.93318488284797,226.0,31.4,90.3176904,581.08,3.12,18100.0,32700.0,12930.115642208253,93140.2336,6680474.56,1597600.0,194400.0,7599.2184000000025,158559.2910859984,162.0150010182694,185.77604767572035,194.8655368974314,193.7547503270403,187.31236031805736,191.51393066853893,201.03548904995654,190.03094969327424
34,62.88448403712296,27.400000000000002,164.32085218684497,199.4,21.266,64.73896,1306.314,103.13319792723303,13000.0,16600.0,7192.5,4101128.475064,3290398.7416000003,6640000.0,12889600.0,1656386.4736000001,3209921.5000000005,84.42655851573225,45.38109535596589,56.52075871127724,60.92151681400739,73.86371078615764,58.73086062176303,98.77958470230652,69.08166217448857
131,73.32445965687805,26.000000000000004,164.520852186845,210.8,19.46,60.80680000000001,944.714,59.183624510313365,7100.0,5400.0,5072.5,1135385.7998640002,4650560.893599999,1285600.0,553600.0,141871.336,806153.5,111.86110869358932,118.25897586630913,116.62511073083121,121.61053746194776,109.31045347491148,118.67775677239939,96.73029680613053,83.14275053253661
7,61.54031610112789,16.8,160.12085218684498,209.8,17.26,36.696799999999996,1097.5140000000001,82.15971934359035,6800.0,6100.0,9596.732051639809,1884193.3614640003,1571895.4936000002,2070400.0,973600.0,572019.1296,3862134.3821650394,109.14058624674972,92.98458435383404,87.55095478251428,89.95162827472404,101.81380754869723,87.88331278757764,102.81409396686684,74.07246509323645
43,90.03176998171779,25.799999999999997,162.6141685010688,192.60000000000002,26.32,59.553772296000005,738.326,48.399363698357604,11700.0,11900.0,13258.025618914893,875364.249784,6916702.6816,3362400.0,3277600.0,209774.45677599998,63970.1851655979,71.4047148116511,77.87316206385023,85.29113651315846,73.83464294450667,72.72535837772847,90.92450575961588,101.40224318327479,85.82645054041913
70,58.76522370994315,22.0,153.12085218684498,197.4,14.91,51.438753856000005,1465.334,120.92362451031337,5900.0,5300.0,8852.5,5086990.252104,372559.30960000004,1177600.0,1254400.0,1777685.2687360002,3391813.5,80.3600388418561,39.76879708372315,42.107383170315046,62.51822190596543,67.85891536222164,43.107811634825836,87.97052917608586,58.87278255892562
89,184.5971359160373,30.0,154.0122904358975,222.4,17.619999999999997,67.9756,1122.3600000000001,28.09858576810716,20800.0,13200.0,8666.0,1175157.6064,81784.2264,553600.0,169600.0,21461.676864000005,819711.04,148.52470086318021,168.0691384352454,156.95777612383637,176.5861511266354,139.30525349031203,149.11280819802016,163.76263906910052,165.31630886967895
83,86.85815788108755,32.6,166.12085218684498,211.2,20.46,78.86088000000001,812.714,53.78362451031336,19600.0,19600.0,8725.0,783134.2958640002,4701207.949600001,3726400.0,4566400.0,144811.52159999998,464927.5,112.96753205094919,118.95010411257121,122.97251285685938,122.28057600696437,115.6129621534829,118.50781215890663,106.50524691133836,86.4499627557309
123,221.8543389191891,45.599999999999994,167.4437548698378,237.6,29.32,107.76224199999999,1087.3000000000002,24.42758774072156,52000.0,44600.0,33135.28961896651,1053788.46,2926923.04,184000.0,1854400.0,114408.27759999999,1681886.7577468907,213.46418393598984,208.81670401658118,208.7638785581685,206.90555797009347,204.29351533333525,211.5545161727582,229.99256638087903,221.0911726466012
129,70.58438955216727,18.6,155.6141685010688,189.2,22.86,41.201801896,811.206,56.5793636983576,12100.0,12000.0,13350.7476499536,1144105.045624,3375199.1775999996,3205600.0,3240000.0,255419.045656,552153.5343032377,65.70213837186543,69.9472793501818,68.13626896288368,65.20479084909925,64.6291855637837,78.96110617473232,89.43580083138893,75.98724634133737
8,137.97712887801308,20.799999999999997,151.8122904358975,217.2,17.1,46.400000000000006,875.39,14.46,30000.0,26400.0,27354.0,811272.0084000002,271981.8184,384000.0,1542400.0,30857.283136000013,5149944.64,130.87277589862006,150.14587220688279,137.32334780243173,157.61712280015672,131.8841626610752,134.7331755173627,142.21613769744323,136.01687227695095
13,63.590445555501454,15.200000000000003,154.92085218684497,197.8,15.3,32.778627856,1288.334,80.92362451031336,22200.0,21600.0,15265.0,3642434.488104,448341.2536,9913600.0,11022400.0,1102558.894336,2200361.5,81.15701245491039,53.704100143325135,50.5615086238422,63.19637124249783,71.13265867319876,56.9867274410296,88.82977158736263,62.797051134122626
108,227.61176691219194,49.199999999999996,171.2437548698378,239.39999999999998,32.14,117.2497724,1085.42,24.24758774072156,78000.0,66900.0,52334.76833533365,1054277.4856,6304203.040000001,184000.0,1854400.0,115377.62639999998,1098455.5800638928,222.651376155256,216.6611433082282,222.00379878567557,213.00753802654816,213.4103847079161,224.5792973632834,239.20280518941442,227.25867591547646
114,124.58256338633535,22.4,164.0122904358975,218.2,23.845999999999997,48.76278,924.36,33.16,13600.0,13100.0,7858.0,1099025.7663999998,3167753.4024,3073600.0,4297600.0,594485.5744,4950255.039999999,134.1068319935442,113.78092032086947,112.77126765843789,104.35200386826891,133.0371663741417,103.13231186328451,154.29656687547626,108.67083066892445
3,176.62575498366118,37.4,176.0122904358975,221.8,28.66,88.7270904,679.48,9.58,34000.0,31000.0,7226.555937922587,352153.4176,6702350.202400001,5440000.0,6640000.0,24659.046400000007,585163.1635856011,146.38011000013964,165.23618080703852,174.3103135736261,173.49066557825262,160.39012337970254,173.91569895651162,177.20378267783047,165.0986240578254
17,115.42014132932273,32.2,148.2122904358975,215.4,16.08,74.85520000000001,1057.16,37.26,12600.0,11000.0,5006.0,1128270.7104,26103.0664,3961600.0,4660000.0,212297.12639999995,1705864.9600000004,125.23603682298203,124.25564094577712,121.6463892151331,126.45579598094305,118.88244140781019,109.66603973723701,147.0773336837925,131.49210395128551
38,214.23360897107594,48.400000000000006,182.93318488284797,231.0,31.759999999999998,115.96349039999998,792.0600000000001,10.660000000000002,37200.0,57000.0,21680.231284416506,430277.83440000005,6543531.6,1353600.0,3924000.0,17177.0824,218770.6264632186,182.62234658501876,199.03710564453428,214.08042746843648,206.44262613650045,192.35522360820195,208.5664223415392,215.40128378375027,209.6502685560434
72,150.57443242225364,41.2,175.333184882848,224.20000000000002,29.880000000000003,95.8074904,1072.06,37.46,38200.0,69400.0,25300.231284416506,1427604.2344000002,6506706.16,1189600.0,402400.0,384677.97839999996,85537.88147146333,155.1344869306199,140.4039399929581,157.97596374232492,133.49626561853268,147.80175662234842,155.42494269992648,189.66983446741187,160.6833300365723
120,271.7063705144595,50.4,186.8437548698378,248.39999999999998,36.16,120.2477724,796.22,19.436094833276982,49800.0,46800.0,33098.309660168714,221855.77360000001,6158202.640000001,333600.0,921600.0,74326.8984,542109.0612993271,274.08437439326275,266.0762324678952,258.66285162194725,254.46238095432614,291.4369330205752,246.50797604344126,282.30132896691964,257.852415249769
6,175.23952406125755,27.599999999999998,170.4122904358975,221.2,25.659999999999997,62.10556,843.96,12.760000000000002,26200.0,21200.0,8836.0,799963.4944000001,3166743.8183999998,3037600.0,3817600.0,17139.105600000003,832712.6400000001,144.26433088575038,165.87539655583615,162.03390362121155,174.1559671274405,147.65256760797965,168.68060318336728,171.35652940206205,166.06020466926205
101,64.65769186928596,20.6,134.81416850106882,186.2,13.74,45.68188189600001,1116.006,76.0793636983576,14600.0,14800.0,29301.4952999072,1607031.6280240002,21098.3296,18400.0,1600.0,371882.380776,110075.77870806327,61.07851097001489,59.66072372311958,53.01987458943245,57.13179542715818,54.63057672165177,49.91837843757851,87.16810110464485,63.15291826697995
2,57.71548700058894,17.0,157.520852186845,208.8,16.810000000000002,37.3117,1115.5140000000001,92.15971934359035,9000.0,7900.0,10016.732051639809,1974138.8574640001,1551709.4535999997,2616000.0,1765600.0,698768.6656000001,4263428.185229942,106.48413304006478,86.43264720984607,81.85758159298308,82.86737965226662,98.73731716170771,78.2808839720569,97.1222038042378,65.98011358498252
122,201.40007298384913,38.4,176.533184882848,229.0,28.54,88.77796000000001,899.94,13.240000000000002,18500.0,28300.0,11202.83767324696,734276.5624,3056902.5600000005,1396000.0,4242400.0,8611.656000000004,221324.1637714433,174.10813756331683,195.6136551815922,196.86221462225353,203.41316079959114,175.8741494920595,197.40743273532786,204.63818294581267,204.1286789265268
54,89.98190321387162,13.2,166.81416850106882,198.60000000000002,25.3,27.234301895999998,611.806,32.0993636983576,20200.0,26400.0,28581.4952999072,466681.038424,2529210.2495999997,889600.0,5198400.0,168109.477656,329073.31102672697,82.77532313750329,90.84798195483697,85.78056444520998,89.30445825570925,90.27174217715798,96.16237899109163,124.83026836065487,96.60987263594743
50,114.48840874923887,19.8,161.0122904358975,213.8,21.7,41.798860000000005,920.56,29.28,7800.0,11700.0,6188.0,1019089.0623999999,2279660.0824,6400.0,5942400.0,213187.26399999997,1842787.8400000003,120.41948258239279,120.0279540526088,115.15116897464316,122.16427804963564,119.03333450944876,122.41090871283085,137.1298677390687,113.50264012401337
104,153.17208619691428,20.4,162.81229043589752,217.2,23.0,43.615660000000005,973.16,20.58758774072156,23000.0,24200.0,16036.0,1232081.1904000002,2255878.2183999997,2256000.0,5833600.0,163185.184,4085928.64,130.87277589862006,132.85174916310362,126.79466527370028,136.44757211769377,127.65820913114912,140.14289715466168,152.49093884590923,135.42959610679412
46,66.38274984747244,17.2,155.81416850106882,200.39999999999998,20.68,40.252441896,656.636,32.1993636983576,10400.0,11000.0,16100.7476499536,552837.068064,4586851.3696,505600.0,1096000.0,146009.918224,2150389.051313446,86.53771679305967,95.98364595724826,91.33914626356571,95.29174350966433,92.76245129014038,95.4818955655425,88.19597572468945,68.78799347970326
105,62.6054213694049,30.599999999999998,120.0,214.0,16.65,73.426694,1972.44,114.0189297266254,16700.0,7900.0,8175.8,5857654.9024,2071618.3336,10086400.0,1753600.0,1736359.9185839999,3036150.1504,121.01176931158008,75.63126290218605,80.50409124028701,53.26933989148563,95.05513440252831,66.43432702797183,97.70824671977248,68.8289598462047
61,151.3414191693852,32.8,150.0122904358975,218.8,17.38,76.672,1109.76,28.56758774072156,32600.0,22800.0,13672.0,1326892.5184,29801.282400000004,4790400.0,4573600.0,165095.9104,4122050.56,136.08315967164373,137.20038617609748,133.66665965079983,140.7341861098265,127.68802011827886,127.27613613278955,159.46724507349052,151.82540417749186
141,59.086370359150216,15.400000000000002,153.520852186845,196.4,15.02,33.387353856000004,1262.334,92.92362451031336,5000.0,7300.0,10342.5,3451351.856104001,424406.13359999994,544000.0,3686400.0,1230420.443136,5493011.5,78.40261135494802,48.46307240773802,45.68112040579405,62.210701849790084,68.9821964805538,48.193609462256305,85.18248022415669,56.445665547329725
79,61.723442194155446,17.0,162.520852186845,198.2,19.340000000000003,36.60906,1240.5140000000001,92.28362451031336,5600.0,14000.0,9142.5,3457892.357464,2273923.4136,625600.0,8296000.0,1234899.1744000004,5180291.5,81.96208531562415,51.4451951853389,52.21741923686331,62.50800538940746,72.66277958331213,61.393660512329745,90.48711369047788,64.2255754339757
136,187.84814555634821,28.8,184.81229043589752,229.2,31.96,65.3750904,664.88,15.476094833276983,29400.0,24000.0,14599.020041202204,322330.8736,6817002.258399999,3434400.0,3840000.0,114723.25440000003,2899876.884194479,174.94297801508105,175.46665183585992,173.4110957333236,178.70222023973812,194.44706516887834,179.74509619398043,211.28799088215135,177.40135510729885
91,70.5924838492545,27.4,140.2141685010688,189.60000000000002,15.12,64.984241896,965.006,64.6793636983576,12600.0,12500.0,12868.7476499536,1284799.4400240001,39986.9056,3961600.0,4000000.0,260927.23797599995,853490.2036854485,66.34691493928482,70.16854451565735,68.09967516122944,65.79612468564972,62.21583068310761,63.64130078615378,96.05948534710271,74.98145394103706
41,85.88925575648324,22.2,158.81416850106882,190.8,23.5,50.066241896,740.206,48.5793636983576,23400.0,23800.0,24761.4952999072,876180.2976239999,3353758.6816,3362400.0,3277600.0,209631.916456,353555.551939637,68.3225011304389,75.21735527224897,76.70742814918414,70.2552080548216,69.24006505024224,83.14340919420562,96.17158057156158,80.14874125291092
58,241.35898237610192,46.8,183.2437548698378,246.6,35.4,110.7393724,816.22,8.34,49200.0,43800.0,31709.8455568891,257886.97360000003,5910762.640000001,441600.0,2289600.0,90266.1784,287545.75748203933,263.0279314125275,254.42380691549852,246.04106207465176,244.06291152466142,277.20230728436695,235.92608288680307,274.3709175685083,247.77699303612647
90,132.31413582130907,35.8,151.4122904358975,217.0,16.72,83.71964,986.16,29.26,24400.0,21800.0,8072.0,895271.4304000002,28626.818400000004,4134400.0,4689600.0,172540.38239999997,859714.56,130.23483978679,131.53863205131503,130.37485304163732,134.84500748626502,126.49341888902663,115.7707320515116,152.94533776590325,137.98976648629932
48,150.66491369320212,30.8,172.6122904358975,221.0,27.84,70.3338904,541.08,9.38,24400.0,20600.0,10210.555937922587,137987.7216,6744976.0584,3174400.0,3894400.0,26791.526400000002,998234.9452103812,143.56542005328393,162.1956279553877,164.3581194880215,170.2822442768637,168.77146323518755,163.47729319798975,170.74218257129476,146.40187113242825
88,125.28028867280602,16.4,167.4122904358975,218.4,23.08,33.95066,625.16,10.280000000000001,11500.0,10700.0,7220.0,234128.5504,2209133.3224,2256000.0,6438400.0,84413.54560000003,2976006.4,134.7625947460324,144.22347135654127,132.8359644066831,150.35068971873454,150.93910244155018,132.327506963613,155.83271821056385,121.12863745503441
126,76.03223118739854,24.000000000000004,164.12085218684498,214.8,19.020000000000003,55.3096,1366.114,82.08758820151056,7900.0,6400.0,6372.5,3192733.0806639995,4576251.733599999,1765600.0,921600.0,672395.0656,1849013.5,123.40876193730249,101.91074731367969,100.67798554513578,93.84342502989354,108.30652263863941,107.16526336050588,100.60910196949895,77.80368718511522
21,72.98106977000764,35.6,156.12085218684498,205.2,14.780000000000001,86.73740000000001,1550.714,76.86362451031337,7600.0,5900.0,5222.5,4394780.431864,168010.50160000002,1609600.0,757600.0,899753.6764,1099043.5,97.4328228866031,72.8085701777551,78.72240048422807,72.00407457635784,81.63493003743687,74.76160439710505,110.03441728291736,87.75302983180293
57,128.03730151269548,19.0,162.4122904358975,218.8,21.758,40.0772688,799.56,25.28,7800.0,12000.0,7768.0,613148.5824,2208330.1384,6400.0,5856000.0,275984.5056000001,3716288.64,136.08315967164373,129.58734736603276,121.61656676570163,129.22281703449826,141.2756254544129,114.7968238720982,148.39168220768994,107.27599283927313
75,94.16246053996997,26.0,164.6141685010688,195.2,26.880000000000003,60.462932296000005,448.92600000000004,36.7993636983576,24400.0,23600.0,25936.051237829786,199398.77858399999,6890085.8496,3174400.0,3318400.0,45872.807976,83412.37952442342,76.11855905566293,99.49670896220952,105.17067139004266,94.7902500502415,90.23782351160891,104.04998249777896,109.66421900216248,92.8055490203688
32,247.05285935135086,52.8,176.2437548698378,242.2,32.68,126.46577239999999,973.4200000000001,16.540000000000003,46600.0,44000.0,29089.8455568891,652515.5656000001,6145527.040000001,1242400.0,2176000.0,4207.758400000001,227277.664663028,237.64605410214514,253.80125402563937,254.81740207242808,253.78285809295437,236.169851338582,248.86377183615173,249.50215780692253,251.13011702634182
138,67.19447744045841,15.0,153.0141685010688,188.0,20.740000000000002,31.927901896,828.406,56.6993636983576,7800.0,13200.0,14050.7476499536,1150441.319224,2364475.1776,6400.0,5198400.0,254987.679736,246911.6659058361,63.80825990437475,68.33581226516753,62.1637199635817,63.03273187915383,62.217355891186365,73.18780065903793,81.1143408203229,68.44477398778446
59,73.7097811903136,18.8,157.6141685010688,190.2,23.28,41.568601896,479.206,42.5793636983576,12100.0,12400.0,13480.7476499536,237881.829624,3371733.0016,3205600.0,3121600.0,62850.540304,601649.7587437204,67.32691804937365,88.94989413726783,85.0444701242057,80.62691855032969,77.1946653668972,86.65298972630004,93.72009478265642,76.57735658969807
63,95.27186437700378,37.6,146.0141685010688,192.0,16.66,92.39344189600001,522.952,41.6793636983576,16500.0,14100.0,10705.7476499536,408749.200336,40154.7136,4960000.0,3769600.0,41440.053784,740105.3370334194,70.3611991734014,95.40288943560955,97.97763872874586,88.06046728173327,79.06040764175951,84.58471277223335,106.71059208687815,94.7601566070628
128,112.79282718486571,29.200000000000003,165.0141685010688,195.60000000000002,25.1,69.932601896,645.806,37.7793636983576,13200.0,12300.0,11040.7476499536,582408.6304240001,3308355.8175999997,3038400.0,3146400.0,47278.191695999994,574467.7000146629,76.87214375468231,99.8796471579813,106.84524565827934,95.58735609720246,81.95867320988467,106.95782767016618,114.04943076066803,107.52731059846238
37,67.40982957627959,24.400000000000002,159.92085218684497,210.0,18.080000000000002,56.2548,1413.114,93.58362451031337,6900.0,9100.0,8762.5,3510254.3646640005,4597638.373599999,1197600.0,3513600.0,1214847.3856000002,5177327.5,109.6795260806146,75.85173030503059,78.50880768844277,67.30872255297805,94.88078812924032,73.69547021553636,80.96358983923595,53.60591757999293
29,76.0439350575542,14.2,154.4141685010688,193.0,20.798000000000002,30.206310696000003,707.406,52.6993636983576,15600.0,27000.0,31261.4952999072,722199.5712240001,2300882.8096000003,6400.0,5076000.0,322353.24165599997,1126561.162951701,72.10948003221112,71.68683366617478,66.44472086785517,69.66037842717812,74.42269205309357,68.53027454372058,90.97418828366703,61.76437319288294
107,56.84900711217347,15.600000000000001,152.92085218684497,195.8,14.84,33.778795856,1315.334,87.8031652938273,8664.675592658521,6493.2169965732055,9547.618683153423,3846590.452104001,407531.8216,4744993.8837971045,2551325.1170753813,869627.259136,4283663.970306214,77.25183647347806,56.163550466910806,52.00317454272923,63.70377146537497,67.12141431951798,62.18106910366616,83.41910570635746,63.27815890554149
134,218.9143114936079,39.6,190.93318488284797,237.0,34.84,92.0474904,720.86,15.956094833276984,40200.0,59400.0,28168.695387696127,276693.73840000003,6609745.36,1101600.0,2282400.0,94360.37040000001,724442.1884768833,210.4781824317046,208.4771547481414,210.6847624821061,208.32744377075662,229.46446957072348,208.48093062652282,244.6719674362089,215.68338552317877
1,65.89429488532184,30.400000000000002,120.79999999999998,214.8,16.786,72.953294,1978.44,102.0189297266254,40800.0,17800.0,17299.6,5904929.6224,2064345.7416000003,12217600.0,2601600.0,1970299.3993840003,3653191.9744000006,123.40876193730249,73.86230677408459,78.9262097030666,46.16283313488671,96.89239022184573,59.95616212887208,100.75361306259883,68.74983242426691
52,168.55364823384346,27.599999999999998,169.2122904358975,220.2,27.939999999999998,62.3770904,954.08,20.28758774072156,47400.0,32700.0,24585.83390688388,1230719.6416000002,6762292.218400001,4182400.0,3769600.0,164453.51039999997,4119066.2312831497,140.8012162887003,141.33395786743512,143.93063866303333,144.6990907886069,138.59601778443923,159.15189180674994,169.42304800261346,150.6911706394072
130,75.83037174302696,17.4,156.81416850106882,196.2,23.11,38.680901896,973.206,60.5793636983576,13800.0,13900.0,14340.7476499536,1906410.301624,3250675.4496000004,3110400.0,3133600.0,677069.7171760001,1065310.3204269127,78.0170623058436,62.50100192580083,63.602112636182845,66.31136249084574,73.93098139896536,75.2014756612056,104.73212296159399,78.51041568158357
103,59.81199781507478,21.8,153.92085218684497,198.2,15.046,50.96535385600001,1471.334,108.92362451031336,9600.0,6300.0,9326.5,5140350.244104,381732.95759999997,6505600.0,2310400.0,2027033.691136,3983194.8599999994,81.96208531562415,37.1296592359233,40.1020770175932,62.56606785820287,69.1990060936947,37.68505424074377,89.98327489289062,58.010872480240266
99,110.35918464198421,32.6,168.0141685010688,196.0,27.700000000000003,78.856132296,587.326,36.9993636983576,34000.0,34000.0,22952.051237829786,439072.70178400003,6849629.0176,5440000.0,5440000.0,43241.913976,608838.1573981051,77.63347333867459,101.32537004800746,114.29695664575004,97.24437040186096,85.18692711822497,111.49576404354286,115.64020367342975,108.41656736539096
116,69.28383831454539,24.0,146.6141685010688,194.2,16.5,57.13604189600001,669.606,45.679363698357605,16300.0,11500.0,13900.7476499536,526097.624824,76381.7856,4790400.0,4560000.0,128113.13029600002,1435146.2377052796,74.26806765347327,87.0399851034949,83.44711584195343,82.76156412906383,78.09779152986799,76.92238954222142,106.74705231787325,83.6089791674008
87,107.3098314779565,26.400000000000002,171.2687704767909,200.0,27.54,61.56138440000001,335.934,47.52362451031336,37200.0,36900.0,19256.978716367135,114998.651304,6885662.701600001,6001600.0,5906400.0,20817.8224,1524239.803704809,85.68691270342747,113.92927932681016,119.72578406474503,112.20800715008619,112.24238423062039,119.1216190002649,122.92454411948808,106.94021367410198
74,163.4935249887072,25.2,181.2122904358975,227.4,31.2,55.866690399999996,684.88,4.380000000000001,14400.0,10500.0,6605.2779689612935,363615.6736,6499506.2584,3297600.0,3840000.0,134266.1344,2131601.588935026,167.5593071948614,167.13739790135617,162.77694017527148,170.03841980895385,184.19638818671424,171.10950638320253,203.89895687508016,168.8181295963724
121,77.59315330331438,26.599999999999998,141.6141685010688,194.60000000000002,15.178,63.26265069600001,844.006,60.679363698357605,25200.0,25600.0,28897.4952999072,889614.8920240002,77336.2176,3961600.0,3894400.0,325215.686296,1882544.5007313134,75.00256561281539,74.03874352139192,72.88364828086078,72.53647131852046,73.82551634298517,60.07892703674064,100.82803634121467,69.28495834588384
143,72.59770851342745,27.599999999999998,142.2141685010688,190.60000000000002,15.54,65.351041896,633.006,50.679363698357605,12600.0,12900.0,12998.7476499536,480699.42402400007,40505.689600000005,3961600.0,3865600.0,82400.910864,907999.2281259311,67.98889684110712,86.73197407155388,83.01961295598376,79.20377184880658,72.01896187061786,74.55020517915801,99.52525157598963,81.0451328789367
20,112.6975075036733,24.0,176.81416850106882,203.4,31.0,55.504132296,572.726,42.89545853163458,29400.0,27000.0,30324.515341109407,406559.26098399993,7021030.249600001,3434400.0,3060000.0,146561.08629600005,604838.8859098195,93.19551327308575,101.69281521294073,110.67742833913124,102.3341660631651,104.69615608232614,117.17210671190881,146.18099677377165,116.95848384523609
71,203.33613640248274,42.0,180.333184882848,230.8,31.36,98.2654904,898.0600000000001,13.060000000000002,37000.0,56600.0,24160.231284416506,734061.1144000001,6475142.560000001,1396000.0,4242400.0,8675.425600000004,14407.154756159729,181.7541907295756,202.1892343215852,209.00399242067868,209.5472835532515,183.97265210035218,209.49670341165134,213.12893154173253,210.32503933504705
106,203.87993540567467,48.2,182.13318488284798,229.60000000000002,31.54,115.39949039999999,735.46,10.06,44800.0,66400.0,20796.231284416506,304881.6664,6553801.6,2113600.0,126400.0,14762.077600000004,410567.3555717025,176.62362277796302,194.79279308697932,210.96283346165578,202.57426946714529,190.22340563778758,203.47846450610564,210.8381512509601,203.77537350804926
14,165.1217664757107,36.2,180.333184882848,233.8,31.1,83.51467199999999,1010.2600000000001,12.860000000000001,21400.0,31200.0,14631.028993568107,1153541.0104,6293814.160000001,1465600.0,878400.0,379240.7224000001,1141239.6720849623,195.17798930684893,175.29331484050863,176.83431844233587,159.79217300935636,190.75435025290545,179.34797425885,219.77142702885874,187.09941582369865
92,73.15017953780705,23.0,168.12085218684498,202.2,20.18,53.117059999999995,1357.5140000000001,68.28362451031336,6600.0,11300.0,5962.5,4365458.081464,2274067.3336000005,1297600.0,6762400.0,916481.7664,1250447.5,90.47292833395797,66.34724560767872,70.5808298843411,68.64379987922852,78.55125763179373,86.22157242122918,104.06491920205978,84.74733505847178
102,83.68680399312422,18.6,156.2141685010688,189.60000000000002,21.380000000000003,40.792341896,757.406,48.6993636983576,14800.0,26200.0,26161.4952999072,884958.971224,2347654.6816,25600.0,5245600.0,209439.66253599996,102633.68354223546,66.34691493928482,73.52216523906904,70.33491156210084,67.9245247371639,66.60523806263595,77.3225234574841,88.07472732452561,72.7115479465738
